classification,gutenberg_id,title,author,paragraph_text,word_count,paragraph_count,suitable,reasoning,canonical_answer,distractors,keyword_flags,difficulty_tier,tier,pipeline_version,status
figurative_language_failure,4517,Ethan Frome,"Wharton, Edith","The dancers were going faster and faster, and the musicians, to keep up with them, belaboured their instruments like jockeys lashing their mounts on the home-stretch; yet it seemed to the young man at the window that the reel would never end. Now and then he turned his eyes from the girl’s face to that of her partner, which, in the exhilaration of the dance, had taken on a look of almost impudent ownership. Denis Eady was the son of Michael Eady, the ambitious Irish grocer, whose suppleness and effrontery had given Starkfield its first notion of “smart” business methods, and whose new brick store testified to the success of the attempt. His son seemed likely to follow in his steps, and was meanwhile applying the same arts to the conquest of the Starkfield maidenhood. Hitherto Ethan Frome had been content to think him a mean fellow; but now he positively invited a horse-whipping. It was strange that the girl did not seem aware of it: that she could lift her rapt face to her dancer’s, and drop her hands into his, without appearing to feel the offence of his look and touch.",193,1,false,"Q2: The simile 'belaboured their instruments like jockeys lashing their mounts on the home-stretch' is the only figurative device present and is a brief embedded clause. The dominant cognitive work of the passage is character observation, social characterization of Denis Eady, and Ethan's jealous emotional reaction — not metaphor/simile comprehension. The figurative element is subordinate to the narrative-social content.",,,,,,v4,rejected_by_filter
figurative_language_failure,4517,Ethan Frome,"Wharton, Edith","That thrust had frightened him more than any vague insinuations about Denis Eady. It was a fact that since Mattie Silver’s coming he had taken to shaving every day; but his wife always seemed to be asleep when he left her side in the winter darkness, and he had stupidly assumed that she would not notice any change in his appearance. Once or twice in the past he had been faintly disquieted by Zenobia’s way of letting things happen without seeming to remark them, and then, weeks afterward, in a casual phrase, revealing that she had all along taken her notes and drawn her inferences. Of late, however, there had been no room in his thoughts for such vague apprehensions. Zeena herself, from an oppressive reality, had faded into an insubstantial shade. All his life was lived in the sight and sound of Mattie Silver, and he could no longer conceive of its being otherwise. But now, as he stood outside the church, and saw Mattie spinning down the floor with Denis Eady, a throng of disregarded hints and menaces wove their cloud about his brain....",186,1,false,"Q2 dominance failure: The metaphorical/figurative language present (e.g., 'faded into an insubstantial shade,' 'wove their cloud about his brain') is subordinate to the dominant signal of character psychology, jealousy, and interior emotional observation. The passage's primary cognitive work is tracking Ethan's anxiety about Zeena's surveillance and his jealousy watching Mattie dance — figurative language appears as atmospheric coloring at sentence level rather than as the dominant structural and meaning-making device. Additionally, Q5 fails: the figurative elements are sparse and diffused across a dense psychological narrative; fewer than 3-4 discrete pointable metaphor/simile elements exist at distinct signal levels, and the simile/metaphor strand lacks sufficient foil contrast for discrimination item construction.",,,,,,v4,rejected_by_filter
figurative_language_failure,4517,Ethan Frome,"Wharton, Edith","In spite of her sedentary habits such abrupt decisions were not without precedent in Zeena’s history. Twice or thrice before she had suddenly packed Ethan’s valise and started off to Bettsbridge, or even Springfield, to seek the advice of some new doctor, and her husband had grown to dread these expeditions because of their cost. Zeena always came back laden with expensive remedies, and her last visit to Springfield had been commemorated by her paying twenty dollars for an electric battery of which she had never been able to learn the use. But for the moment his sense of relief was so great as to preclude all other feelings. He had now no doubt that Zeena had spoken the truth in saying, the night before, that she had sat up because she felt “too mean” to sleep: her abrupt resolve to seek medical advice showed that, as usual, she was wholly absorbed in her health.",155,1,false,"Q1 fail: The passage contains no meaningful figurative language signal, and specifically no metaphor or simile. The language is predominantly literal, direct narrative prose describing Zeena's behavior and Ethan's reactions. The phrase 'laden with expensive remedies' is mildly figurative but functions almost entirely as literal description. There is no comparison using 'like' or 'as,' no implied metaphor, no figurative construction that requires meaning-recovery beyond the literal. The target skill — metaphor and simile as per ELA.9.R.3.1 — is simply absent from this passage.",,,,,,v4,rejected_by_filter
figurative_language_failure,4517,Ethan Frome,"Wharton, Edith","Zeena’s native village was slightly larger and nearer to the railway than Starkfield, and she had let her husband see from the first that life on an isolated farm was not what she had expected when she married. But purchasers were slow in coming, and while he waited for them Ethan learned the impossibility of transplanting her. She chose to look down on Starkfield, but she could not have lived in a place which looked down on her. Even Bettsbridge or Shadd’s Falls would not have been sufficiently aware of her, and in the greater cities which attracted Ethan she would have suffered a complete loss of identity. And within a year of their marriage she developed the “sickliness” which had since made her notable even in a community rich in pathological instances. When she came to take care of his mother she had seemed to Ethan like the very genius of health, but he soon saw that her skill as a nurse had been acquired by the absorbed observation of her own symptoms.",174,1,false,"Q2 dominance failure: the single simile ('like the very genius of health') is subordinate to character exposition and ironic characterization. The dominant cognitive work in the passage is understanding Zeena's psychology and the ironic reveal about her hypochondria, not detecting or constructing meaning from figurative comparison. The simile functions as a supporting detail within a larger character portrait rather than as the primary signal the reader is meant to work with.",,,,,,v4,rejected_by_filter
figurative_language_failure,4517,Ethan Frome,"Wharton, Edith","He walked on to the church corner and entered the shade of the Varnum spruces, where he had stood with her the night before. As he passed into their gloom he saw an indistinct outline just ahead of him. At his approach it melted for an instant into two separate shapes and then conjoined again, and he heard a kiss, and a half-laughing “Oh!” provoked by the discovery of his presence. Again the outline hastily disunited and the Varnum gate slammed on one half while the other hurried on ahead of him. Ethan smiled at the discomfiture he had caused. What did it matter to Ned Hale and Ruth Varnum if they were caught kissing each other? Everybody in Starkfield knew they were engaged. It pleased Ethan to have surprised a pair of lovers on the spot where he and Mattie had stood with such a thirst for each other in their hearts; but he felt a pang at the thought that these two need not hide their happiness.",169,1,false,"Q1 FAIL: The passage does not contain teachable metaphor or simile signals. The language is predominantly literal and narrative. 'A thirst for each other in their hearts' is the only figurative element present, and it functions as a mild embedded idiom/metaphor rather than a dominant, pointable comparison. There is no simile construction and no extended metaphor. The passage's cognitive work is character interiority and situational irony (Ethan observing engaged lovers while he must hide his own feelings), not figurative language recognition. Q2 fails for the same reason — the dominant signal is emotional contrast and situational irony, not metaphor/simile.",,,,,,v4,rejected_by_filter
figurative_language_failure,4517,Ethan Frome,"Wharton, Edith","His alteration of mood seemed to have communicated itself to Mattie. She looked up at him languidly, as though her lids were weighted with sleep and it cost her an effort to raise them. Her glance fell on his hand, which now completely covered the end of her work and grasped it as if it were a part of herself. He saw a scarcely perceptible tremor cross her face, and without knowing what he did he stooped his head and kissed the bit of stuff in his hold. As his lips rested on it he felt it glide slowly from beneath them, and saw that Mattie had risen and was silently rolling up her work. She fastened it with a pin, and then, finding her thimble and scissors, put them with the roll of stuff into the box covered with fancy paper which he had once brought to her from Bettsbridge.",151,1,false,"Q1 PRESENCE FAIL: The passage contains no meaningful figurative language signal, specifically no metaphor or simile. The one phrase that approaches figurative language — 'grasped it as if it were a part of herself' — is a simile-adjacent construction, but it functions primarily as a literal description of emotional attachment through physical gesture, not as a comparison requiring figurative interpretation. There are no metaphors, no comparisons without literal intent, and no figurative constructions that require the student to recover meaning the author is not saying directly. The dominant cognitive work in this passage is close reading of physical gesture and emotional subtext — an inference-about-character task, not a figurative language task.",,,,,,v4,rejected_by_filter
figurative_language_failure,4517,Ethan Frome,"Wharton, Edith","As soon as the sledge was loaded he meant to send Jotham back to the farm and hurry on foot into the village to buy the glue for the pickle-dish. With ordinary luck he should have had time to carry out this plan; but everything went wrong from the start. On the way over to the wood-lot one of the greys slipped on a glare of ice and cut his knee; and when they got him up again Jotham had to go back to the barn for a strip of rag to bind the cut. Then, when the loading finally began, a sleety rain was coming down once more, and the tree trunks were so slippery that it took twice as long as usual to lift them and get them in place on the sledge. It was what Jotham called a sour morning for work, and the horses, shivering and stamping under their wet blankets, seemed to like it as little as the men. It was long past the dinner-hour when the job was done, and Ethan had to give up going to the village because he wanted to lead the injured horse home and wash the cut himself.",199,1,false,"Q2 dominance failure: the figurative language present is sparse and subordinate to plot action and logistical narrative. The passage is overwhelmingly a sequence of events (horse slips, rag retrieved, loading delayed, rain falls, Ethan abandons village plan). The two figurative elements — 'a sour morning for work' (idiomatic/metaphorical attribution) and 'seemed to like it as little as the men' (mild personification/comparison) — are incidental texture within a problem-chain plot sequence, not the dominant cognitive signal. A student reading this passage is doing plot sequencing work, not figurative language recovery work.",,,,,,v4,rejected_by_filter
figurative_language_failure,4517,Ethan Frome,"Wharton, Edith","Ethan looked at her with loathing. She was no longer the listless creature who had lived at his side in a state of sullen self-absorption, but a mysterious alien presence, an evil energy secreted from the long years of silent brooding. It was the sense of his helplessness that sharpened his antipathy. There had never been anything in her that one could appeal to; but as long as he could ignore and command he had remained indifferent. Now she had mastered him and he abhorred her. Mattie was her relation, not his: there were no means by which he could compel her to keep the girl under her roof. All the long misery of his baffled past, of his youth of failure, hardship and vain effort, rose up in his soul in bitterness and seemed to take shape before him in the woman who at every turn had barred his way. She had taken everything else from him; and now she meant to take the one thing that made up for all the others. For a moment such a flame of hate rose in him that it ran down his arm and clenched his fist against her. He took a wild step forward and then stopped.",206,1,false,"Q5 fail: insufficient evidence density for any viable item pattern. The passage contains only 2 pointable figurative elements — 'a mysterious alien presence, an evil energy secreted from the long years of silent brooding' and 'such a flame of hate rose in him that it ran down his arm and clenched his fist' — with the remaining text being interior emotional narration and plot-level exposition. This does not meet the minimum 3-4 discrete pointable elements required for 5a, lacks the density for 5b, and the dominant concept is not cleanly isolable from the surrounding character psychology for 5c. No identifiable structural/craft pivot for 5d.",,,,,,v4,rejected_by_filter
figurative_language_failure,4517,Ethan Frome,"Wharton, Edith","He knew a case of a man over the mountain—a young fellow of about his own age—who had escaped from just such a life of misery by going West with the girl he cared for. His wife had divorced him, and he had married the girl and prospered. Ethan had seen the couple the summer before at Shadd’s Falls, where they had come to visit relatives. They had a little girl with fair curls, who wore a gold locket and was dressed like a princess. The deserted wife had not done badly either. Her husband had given her the farm and she had managed to sell it, and with that and the alimony she had started a lunch-room at Bettsbridge and bloomed into activity and importance. Ethan was fired by the thought. Why should he not leave with Mattie the next day, instead of letting her go alone? He would hide his valise under the seat of the sleigh, and Zeena would suspect nothing till she went upstairs for her afternoon nap and found a letter on the bed....",179,1,false,"Q1 FAIL: The passage contains no meaningful metaphor or simile signal. The phrase 'dressed like a princess' is the only simile present, and it functions as a brief descriptive flourish rather than a teachable figurative language moment. 'Bloomed into activity and importance' is a mild metaphor but operates almost as a dead metaphor / idiom rather than a constructed comparison the student is meant to unpack. Neither element rises to a teachable, dominant figurative language signal for ELA.9.R.3.1.",,,,,,v4,rejected_by_filter
figurative_language_failure,4517,Ethan Frome,"Wharton, Edith","His pen paused on the word, which brought home to him the relentless conditions of his lot. If he gave the farm and mill to Zeena what would be left him to start his own life with? Once in the West he was sure of picking up work—he would not have feared to try his chance alone. But with Mattie depending on him the case was different. And what of Zeena’s fate? Farm and mill were mortgaged to the limit of their value, and even if she found a purchaser—in itself an unlikely chance—it was doubtful if she could clear a thousand dollars on the sale. Meanwhile, how could she keep the farm going? It was only by incessant labour and personal supervision that Ethan drew a meagre living from his land, and his wife, even if she were in better health than she imagined, could never carry such a burden alone.",152,1,false,"Q1 FAIL: The passage contains no meaningful figurative language signal, and specifically no metaphor or simile (the ELA.9.R.3.1 harvest target). The single potentially figurative phrase 'carry such a burden alone' is a dead idiom/cliché with no active metaphorical construction. All other language is literal — financial calculation, conditional reasoning, and plot-level problem-solving. There is nothing for a student to identify as a comparison without literal intent, nor any language requiring figurative decoding to recover meaning.",,,,,,v4,rejected_by_filter
figurative_language_failure,4517,Ethan Frome,"Wharton, Edith","As he lay there, the window-pane that faced him, growing gradually lighter, inlaid upon the darkness a square of moon-suffused sky. A crooked tree-branch crossed it, a branch of the apple-tree under which, on summer evenings, he had sometimes found Mattie sitting when he came up from the mill. Slowly the rim of the rainy vapours caught fire and burnt away, and a pure moon swung into the blue. Ethan, rising on his elbow, watched the landscape whiten and shape itself under the sculpture of the moon. This was the night on which he was to have taken Mattie coasting, and there hung the lamp to light them! He looked out at the slopes bathed in lustre, the silver-edged darkness of the woods, the spectral purple of the hills against the sky, and it seemed as though all the beauty of the night had been poured out to mock his wretchedness....",151,1,false,"Q2 dominance fail: The passage is primarily atmospheric/descriptive — sensory imagery and mood dominate the figurative landscape. While metaphor and simile-adjacent constructions exist ('the rim of the rainy vapours caught fire,' 'the sculpture of the moon,' 'all the beauty of the night had been poured out to mock his wretchedness'), these function as embedded ornaments within a sustained atmospheric description rather than as the primary cognitive work. The dominant signal is mood/imagery (sensory accumulation building emotional desolation), not metaphor/simile as a teachable comparison mechanism. A student working this passage would primarily be reading for tone and atmosphere, not recovering meaning from figurative comparison. Additionally, Q5 fails: the figurative elements lack sufficient discrimination density — supporting elements blur into the same atmospheric register rather than standing distinctly apart from neutral elements, making a clean MCQ or multi-select item impossible to construct without forcing artificial distinctions.",,,,,,v4,rejected_by_filter
figurative_language_failure,4517,Ethan Frome,"Wharton, Edith","He had never been in her room except once, in the early summer, when he had gone there to plaster up a leak in the eaves, but he remembered exactly how everything had looked: the red-and-white quilt on her narrow bed, the pretty pin-cushion on the chest of drawers, and over it the enlarged photograph of her mother, in an oxydized frame, with a bunch of dyed grasses at the back. Now these and all other tokens of her presence had vanished, and the room looked as bare and comfortless as when Zeena had shown her into it on the day of her arrival. In the middle of the floor stood her trunk, and on the trunk she sat in her Sunday dress, her back turned to the door and her face in her hands. She had not heard Ethan’s call because she was sobbing and she did not hear his step till he stood close behind her and laid his hands on her shoulders.",165,1,false,"Q1 FAIL: The passage contains no meaningful metaphor or simile signal. The single comparative construction — 'as bare and comfortless as when Zeena had shown her into it' — is a literal descriptive comparison anchored to a real prior state of the room, not a figurative comparison that constructs non-literal meaning. It functions as a narrative recall device, not a simile that transfers meaning from one domain to another. The rest of the passage is straightforward realistic description of physical objects and character action. There is no pointable metaphor, no figurative simile, no figurative language device that requires the student to recover a meaning the author chose not to state literally.",,,,,,v4,rejected_by_filter
figurative_language_failure,4517,Ethan Frome,"Wharton, Edith","Jotham Powell had started for the barn, and Ethan strode down after him aflame with anger. The pulses in his temples throbbed and a fog was in his eyes. He went about his task without knowing what force directed him, or whose hands and feet were fulfilling its orders. It was not till he led out the sorrel and backed him between the shafts of the sleigh that he once more became conscious of what he was doing. As he passed the bridle over the horse’s head, and wound the traces around the shafts, he remembered the day when he had made the same preparations in order to drive over and meet his wife’s cousin at the Flats. It was little more than a year ago, on just such a soft afternoon, with a “feel” of spring in the air. The sorrel, turning the same big ringed eye on him, nuzzled the palm of his hand in the same way; and one by one all the days between rose up and stood before him....",174,1,false,"Q2_DOMINANCE: The figurative language present (metaphor: 'aflame with anger,' 'a fog was in his eyes,' 'all the days between rose up and stood before him') is subordinate to the dominant signals of interior emotional state, memory/time, and narrative action. The passage's primary cognitive work is tracking Ethan's dissociative state and the memory trigger of the horse — the metaphors are incidental mood coloring, not the dominant teachable signal. Q5 also fails: fewer than 3-4 discrete pointable elements cleanly supporting metaphor/simile at distinct signal levels; 'all the days between rose up and stood before him' is the strongest figurative moment but it arrives at the very end with no supporting density around it. The simile 'on just such a soft afternoon' is mild and embedded in narrative. Insufficient evidence density for 5a or 5b; dominant concept is too diffuse for 5c; no identifiable craft pivot for 5d.",,,,,,v4,rejected_by_filter
figurative_language_failure,4517,Ethan Frome,"Wharton, Edith","She drew closer under the bearskin, so that, looking sideways around his coat-sleeve, he could just catch the tip of her nose and a blown brown wave of hair. They drove slowly up the road between fields glistening under the pale sun, and then bent to the right down a lane edged with spruce and larch. Ahead of them, a long way off, a range of hills stained by mottlings of black forest flowed away in round white curves against the sky. The lane passed into a pine-wood with boles reddening in the afternoon sun and delicate blue shadows on the snow. As they entered it the breeze fell and a warm stillness seemed to drop from the branches with the dropping needles. Here the snow was so pure that the tiny tracks of wood-animals had left on it intricate lace-like patterns, and the bluish cones caught in its surface stood out like ornaments of bronze.",156,1,false,"Q5 fail: insufficient evidence density and no isolatable craft pivot to support any item pattern. Figurative elements are distributed across a single densely atmospheric paragraph with no neutral/non-supporting foils that are clearly distinct from the figurative signal — nearly every clause carries imagery or figurative language, eliminating the contrast density needed for discrimination items. No single dominant concept is cleanly nameable over competing candidates (simile vs. imagery vs. personification all compete equally), ruling out 5c. No structural pivot point is identifiable, ruling out 5d.",,,,,,v4,rejected_by_filter
figurative_language_failure,4517,Ethan Frome,"Wharton, Edith","As they flew toward the tree Mattie pressed her arms tighter, and her blood seemed to be in his veins. Once or twice the sled swerved a little under them. He slanted his body to keep it headed for the elm, repeating to himself again and again: “I know we can fetch it”; and little phrases she had spoken ran through his head and danced before him on the air. The big tree loomed bigger and closer, and as they bore down on it he thought: “It’s waiting for us: it seems to know.” But suddenly his wife’s face, with twisted monstrous lineaments, thrust itself between him and his goal, and he made an instinctive movement to brush it aside. The sled swerved in response, but he righted it again, kept it straight, and drove down on the black projecting mass. There was a last instant when the air shot past him like millions of fiery wires; and then the elm....",161,1,false,"Q2 dominance failure: figurative language is present but subordinate to intense plot action and psychological drama. The passage is a climactic crash sequence; the primary cognitive work demanded is tracking what is happening narratively and emotionally, not identifying or constructing meaning from metaphor/simile. The one clear simile ('like millions of fiery wires') arrives as a single terminal flourish in the final sentence. Q4 also fails: the passage is cognitively overloaded with high-stakes action, personification ('It's waiting for us: it seems to know'), psychological intrusion (wife's face), and suspenseful pacing — the figurative language cannot be cleanly isolated as the dominant instructional signal. Additionally, the core simile functions as a novel-level payoff requiring awareness of the entire sled-crash arc, which edges toward schema dependency for full meaning construction.",,,,,,v4,rejected_by_filter
figurative_language_failure,4517,Ethan Frome,"Wharton, Edith","Then she too fell silent. Perhaps it was the inevitable effect of life on the farm, or perhaps, as she sometimes said, it was because Ethan “never listened.” The charge was not wholly unfounded. When she spoke it was only to complain, and to complain of things not in his power to remedy; and to check a tendency to impatient retort he had first formed the habit of not answering her, and finally of thinking of other things while she talked. Of late, however, since he had reasons for observing her more closely, her silence had begun to trouble him. He recalled his mother’s growing taciturnity, and wondered if Zeena were also turning “queer.” Women did, he knew. Zeena, who had at her fingers’ ends the pathological chart of the whole region, had cited many cases of the kind while she was nursing his mother; and he himself knew of certain lonely farm-houses in the neighbourhood where stricken creatures pined, and of others where sudden tragedy had come of their presence. At times, looking at Zeena’s shut face, he felt the chill of such forebodings. At other times her silence seemed deliberately assumed to conceal far-reaching intentions, mysterious conclusions drawn from suspicions and resentments impossible to guess. That supposition was even more disturbing than the other; and it was the one which had come to him the night before, when he had seen her standing in the kitchen door.",239,1,false,"Q1 FAIL: The passage contains no meaningful metaphor or simile signals. The language is predominantly literal psychological narration — Ethan's interior observations about Zeena's silence, his mother's decline, and his forebodings. The phrase 'shut face' is mildly figurative but functions as idiomatic description rather than a teachable metaphor or simile. No comparison using 'like' or 'as,' no sustained metaphor, no simile structure is present. The passage fails the ELA.9.R.3.1 harvest target for metaphor and simile specifically, and fails figurative language dominance generally.",,,,,,v4,rejected_by_filter
figurative_language_failure,4517,Ethan Frome,"Wharton, Edith","The entertainment of which he spoke was one of the few that they had taken part in together: a “church picnic” which, on a long afternoon of the preceding summer, had filled the retired place with merry-making. Mattie had begged him to go with her but he had refused. Then, toward sunset, coming down from the mountain where he had been felling timber, he had been caught by some strayed revellers and drawn into the group by the lake, where Mattie, encircled by facetious youths, and bright as a blackberry under her spreading hat, was brewing coffee over a gipsy fire. He remembered the shyness he had felt at approaching her in his uncouth clothes, and then the lighting up of her face, and the way she had broken through the group to come to him with a cup in her hand. They had sat for a few minutes on the fallen log by the pond, and she had missed her gold locket, and set the young men searching for it; and it was Ethan who had spied it in the moss.... That was all; but all their intercourse had been made up of just such inarticulate flashes, when they seemed to come suddenly upon happiness as if they had surprised a butterfly in the winter woods....",217,1,false,"Q2 dominance fail: The metaphor/simile signals present — 'bright as a blackberry under her spreading hat' (simile) and 'come suddenly upon happiness as if they had surprised a butterfly in the winter woods' (simile) — are subordinate to the dominant narrative/emotional work of the passage. The passage is primarily doing character and memory work: Ethan's nostalgic recollection of a tender moment with Mattie, his shyness, the locket search, their connection. The figurative language serves that emotional portraiture rather than being the primary cognitive work the reader is asked to do. The two similes are decorative accents within a plot-and-emotion dominant passage rather than the organizing cognitive signal.",,,,,,v4,rejected_by_filter
figurative_language_failure,4517,Ethan Frome,"Wharton, Edith","The sky was still thick, but looking straight up he saw a single star, and tried vaguely to reckon whether it were Sirius, or—or—The effort tired him too much, and he closed his heavy lids and thought that he would sleep.... The stillness was so profound that he heard a little animal twittering somewhere near by under the snow. It made a small frightened _cheep_ like a field mouse, and he wondered languidly if it were hurt. Then he understood that it must be in pain: pain so excruciating that he seemed, mysteriously, to feel it shooting through his own body. He tried in vain to roll over in the direction of the sound, and stretched his left arm out across the snow. And now it was as though he felt rather than heard the twittering; it seemed to be under his palm, which rested on something soft and springy. The thought of the animal’s suffering was intolerable to him and he struggled to raise himself, and could not because a rock, or some huge mass, seemed to be lying on him. But he continued to finger about cautiously with his left hand, thinking he might get hold of the little creature and help it; and all at once he knew that the soft thing he had touched was Mattie’s hair and that his hand was on her face.",229,1,false,"Q2 dominance failure: The metaphor/simile signal ('like a field mouse', 'as though he felt rather than heard') is present but subordinate to narrative revelation and dramatic irony. The dominant cognitive work the passage demands is tracking the twist — the reader gradually realizing that the 'twittering animal' is Mattie. The figurative comparison ('like a field mouse') serves atmosphere and misdirection but is not the primary cognitive phenomenon; the plot-level dramatic reveal governs the passage. A student's attention is pulled entirely toward 'who is making that sound?' rather than toward constructing meaning from figurative comparison. Additionally, Q5 fails: the only pointable simile ('like a field mouse') is a single discrete element; the rest of the passage is narrative action and interior thought. Insufficient density for 5a (fewer than 3-4 discrete figurative elements), 5b (only 1-2 supporting elements), 5c (no clean dominant figurative concept — the passage's dominant signal is dramatic irony/narrative revelation, not metaphor or simile), and 5d (no identifiable craft pivot anchored to figurative language).",,,,,,v4,rejected_by_filter
figurative_language_failure,4517,Ethan Frome,"Wharton, Edith","Frome was in the habit of walking into Starkfield to fetch home his wife’s cousin, Mattie Silver, on the rare evenings when some chance of amusement drew her to the village. It was his wife who had suggested, when the girl came to live with them, that such opportunities should be put in her way. Mattie Silver came from Stamford, and when she entered the Fromes’ household to act as her cousin Zeena’s aid it was thought best, as she came without pay, not to let her feel too sharp a contrast between the life she had left and the isolation of a Starkfield farm. But for this—as Frome sardonically reflected—it would hardly have occurred to Zeena to take any thought for the girl’s amusement.

When his wife first proposed that they should give Mattie an occasional evening out he had inwardly demurred at having to do the extra two miles to the village and back after his hard day on the farm; but not long afterward he had reached the point of wishing that Starkfield might give all its nights to revelry.",183,2,false,"Q1 PRESENCE FAIL: The passage contains no metaphor, simile, or figurative comparison language. The dominant cognitive work is characterization and irony through narrated interior thought and diction — specifically Frome's shift from reluctance to wishing for nightly revelry, and the sardonic reflection on Zeena's selfishness. There is no figurative language device (metaphor, simile, personification, imagery, hyperbole, idiom) present that constitutes a teachable ELA.9.R.3.1 target signal. The phrase 'wishing that Starkfield might give all its nights to revelry' is mildly hyperbolic in implication but functions primarily as ironic characterization of Frome's feelings, not as a standalone figurative language device the student is asked to detect and decode.",,,,,,v4,rejected_by_filter
figurative_language_failure,4517,Ethan Frome,"Wharton, Edith","She was there, then, close to him, only a thin board between. In another moment she would step forth into the night, and his eyes, accustomed to the obscurity, would discern her as clearly as though she stood in daylight. A wave of shyness pulled him back into the dark angle of the wall, and he stood there in silence instead of making his presence known to her. It had been one of the wonders of their intercourse that from the first, she, the quicker, finer, more expressive, instead of crushing him by the contrast, had given him something of her own ease and freedom; but now he felt as heavy and loutish as in his student days, when he had tried to “jolly” the Worcester girls at a picnic.

He hung back, and she came out alone and paused within a few yards of him. She was almost the last to leave the hall, and she stood looking uncertainly about her as if wondering why he did not show himself. Then a man’s figure approached, coming so close to her that under their formless wrappings they seemed merged in one dim outline.",193,2,false,"Q2 dominance failure: the passage contains two figurative elements — 'A wave of shyness pulled him back' (metaphor) and 'as heavy and loutish as in his student days' (simile) — but neither is the dominant cognitive work of the passage. The primary signal is interior emotional experience and social anxiety rendered through narrative action and character psychology. The figurative language is embedded as subordinate texture within character observation and plot movement. A student reading this passage would primarily be doing character inference work, not figurative language recovery.",,,,,,v4,rejected_by_filter
figurative_language_failure,4517,Ethan Frome,"Wharton, Edith","It was warm and bright in the kitchen. The sun slanted through the south window on the girl’s moving figure, on the cat dozing in a chair, and on the geraniums brought in from the door-way, where Ethan had planted them in the summer to “make a garden” for Mattie. He would have liked to linger on, watching her tidy up and then settle down to her sewing; but he wanted still more to get the hauling done and be back at the farm before night.

All the way down to the village he continued to think of his return to Mattie. The kitchen was a poor place, not “spruce” and shining as his mother had kept it in his boyhood; but it was surprising what a homelike look the mere fact of Zeena’s absence gave it. And he pictured what it would be like that evening, when he and Mattie were there after supper. For the first time they would be alone together indoors, and they would sit there, one on each side of the stove, like a married couple, he in his stocking feet and smoking his pipe, she laughing and talking in that funny way she had, which was always as new to him as if he had never heard her before.",215,2,false,"Q2 dominance failure: the two similes present ('like a married couple' and 'as new to him as if he had never heard her before') are subordinate to the dominant signal of character interiority — Ethan's longing, desire, and romantic fantasy. The cognitive work the passage demands is tracking Ethan's emotional state and his relationship with Mattie, not detecting or constructing meaning from figurative comparisons. The similes are brief, embedded, and instrumental to the emotional/character register rather than constituting the primary cognitive work. Additionally, Q5 fails: while 'like a married couple' and 'as new to him as if he had never heard her before' are target-supporting, the passage yields only 2 simile instances, and the non-supporting elements (sun slanting, cat dozing, geraniums, kitchen description) are atmospheric/descriptive rather than foils that would generate useful discrimination in an item. Insufficient density for 5a; single paragraph-level simile count too low for 5b; concept identification undermined by dominant character-emotion register (5c ambiguous); no identifiable craft pivot (5d).",,,,,,v4,rejected_by_filter
figurative_language_failure,4517,Ethan Frome,"Wharton, Edith","The latter did not know how to begin, but at length he managed to bring out his request for an advance of fifty dollars. The blood rushed to his thin skin under the sting of Hale’s astonishment. It was the builder’s custom to pay at the end of three months, and there was no precedent between the two men for a cash settlement.

Ethan felt that if he had pleaded an urgent need Hale might have made shift to pay him; but pride, and an instinctive prudence, kept him from resorting to this argument. After his father’s death it had taken time to get his head above water, and he did not want Andrew Hale, or any one else in Starkfield, to think he was going under again. Besides, he hated lying; if he wanted the money he wanted it, and it was nobody’s business to ask why. He therefore made his demand with the awkwardness of a proud man who will not admit to himself that he is stooping; and he was not much surprised at Hale’s refusal.",179,2,false,"Q2 dominance failure: the passage contains only two figurative elements — 'The blood rushed to his thin skin under the sting of Hale's astonishment' (personification/metaphor of astonishment as something that stings) and 'get his head above water' (idiom) and 'stooping' (metaphor for compromising pride) — but these are subordinate to the dominant signal, which is character psychology and social conflict. The primary cognitive work the passage demands is tracking Ethan's internal reasoning about pride, debt, and reputation, not identifying or constructing meaning from figurative language. Figurative elements appear as incidental coloring within a character-driven interior monologue, not as the organizing principle of the passage.",,,,,,v4,rejected_by_filter
figurative_language_failure,4517,Ethan Frome,"Wharton, Edith","He fetched the grays from Hale’s stable and started on his long climb back to the farm. The cold was less sharp than earlier in the day and a thick fleecy sky threatened snow for the morrow. Here and there a star pricked through, showing behind it a deep well of blue. In an hour or two the moon would push over the ridge behind the farm, burn a gold-edged rent in the clouds, and then be swallowed by them. A mournful peace hung on the fields, as though they felt the relaxing grasp of the cold and stretched themselves in their long winter sleep.

Ethan’s ears were alert for the jingle of sleigh-bells, but not a sound broke the silence of the lonely road. As he drew near the farm he saw, through the thin screen of larches at the gate, a light twinkling in the house above him. “She’s up in her room,” he said to himself, “fixing herself up for supper”; and he remembered Zeena’s sarcastic stare when Mattie, on the evening of her arrival, had come down to supper with smoothed hair and a ribbon at her neck.",192,2,false,"Q2 dominance fail: The passage contains figurative language — notably the simile 'as though they felt the relaxing grasp of the cold and stretched themselves in their long winter sleep' (personification-simile hybrid) and the metaphor 'a deep well of blue' — but these are atmospheric detail embedded within a narrative passage whose dominant cognitive work is scene-setting and character/plot setup (Ethan returning home, anticipating who is in the house, recalling Zeena's reaction to Mattie). The figurative elements are subordinate to the narrative and descriptive machinery rather than the primary signal the passage is organized to deliver. A student reading this passage is driven toward character tension, not toward figuring out what the figurative language means. Q5 also fails: while 2 target-supporting elements exist ('a deep well of blue'; 'as though they felt the relaxing grasp of the cold'), the non-supporting elements (sleigh-bells silence, Zeena's sarcastic stare, twinkling light) are narrative/character elements that belong to a different primitive entirely, making discrimination items misleadingly signal-mixed rather than cleanly constructed around figurative language recognition.",,,,,,v4,rejected_by_filter
figurative_language_failure,4517,Ethan Frome,"Wharton, Edith","She stood just as Zeena had stood, a lifted lamp in her hand, against the black background of the kitchen. She held the light at the same level, and it drew out with the same distinctness her slim young throat and the brown wrist no bigger than a child’s. Then, striking upward, it threw a lustrous fleck on her lips, edged her eyes with velvet shade, and laid a milky whiteness above the black curve of her brows.

She wore her usual dress of darkish stuff, and there was no bow at her neck; but through her hair she had run a streak of crimson ribbon. This tribute to the unusual transformed and glorified her. She seemed to Ethan taller, fuller, more womanly in shape and motion. She stood aside, smiling silently, while he entered, and then moved away from him with something soft and flowing in her gait. She set the lamp on the table, and he saw that it was carefully laid for supper, with fresh dough-nuts, stewed blueberries and his favourite pickles in a dish of gay red glass. A bright fire glowed in the stove and the cat lay stretched before it, watching the table with a drowsy eye.",203,2,false,"Q1/Q2: The passage contains predominantly sensory imagery and descriptive prose rather than teachable metaphor or simile. There is no explicit comparison using 'like' or 'as,' no stated metaphor, and no figurative comparison that requires a student to recover a non-literal meaning. The phrase 'wrist no bigger than a child's' is the closest approximation to a comparative construction but functions as a literal size description rather than a figurative comparison conveying non-literal meaning. The 'streak of crimson ribbon' and its transformative effect on Mattie are symbolic in a novel-level sense (color symbolism tied to the Mattie/Zeena contrast developed across the full text), but this is a schema-gated, novel-level symbol, not a self-contained metaphor or simile. The dominant signal is descriptive sensory imagery with atmospheric and character-contrast function — not metaphor/simile as defined by ELA.9.R.3.1.",,,,,,v4,rejected_by_filter
figurative_language_failure,4517,Ethan Frome,"Wharton, Edith","Zeena’s empty rocking-chair stood facing him. Mattie rose obediently, and seated herself in it. As her young brown head detached itself against the patch-work cushion that habitually framed his wife’s gaunt countenance, Ethan had a momentary shock. It was almost as if the other face, the face of the superseded woman, had obliterated that of the intruder. After a moment Mattie seemed to be affected by the same sense of constraint. She changed her position, leaning forward to bend her head above her work, so that he saw only the foreshortened tip of her nose and the streak of red in her hair; then she slipped to her feet, saying “I can’t see to sew,” and went back to her chair by the lamp.

Ethan made a pretext of getting up to replenish the stove, and when he returned to his seat he pushed it sideways that he might get a view of her profile and of the lamplight falling on her hands. The cat, who had been a puzzled observer of these unusual movements, jumped up into Zeena’s chair, rolled itself into a ball, and lay watching them with narrowed eyes.",192,2,false,"Q2 dominance failure: the passage contains one figurative/metaphor-adjacent moment ('the face of the superseded woman had obliterated that of the intruder') but the dominant cognitive work is character tension, symbolic displacement, and interior psychology — not metaphor or simile detection. The figurative language is subordinate to atmospheric and psychological description rather than constituting the primary reading task. No clear simile or extended metaphor drives the passage; the one comparison-like phrase is borderline literal/figurative and embedded in scene-level narration.",,,,,,v4,rejected_by_filter
figurative_language_failure,4517,Ethan Frome,"Wharton, Edith","Mattie blushed to the roots of her hair and pulled her needle rapidly twice or thrice through her work, insensibly drawing the end of it away from him. “I suppose it was Ruth and Ned,” she said in a low voice, as though he had suddenly touched on something grave.

Ethan had imagined that his allusion might open the way to the accepted pleasantries, and these perhaps in turn to a harmless caress, if only a mere touch on her hand. But now he felt as if her blush had set a flaming guard about her. He supposed it was his natural awkwardness that made him feel so. He knew that most young men made nothing at all of giving a pretty girl a kiss, and he remembered that the night before, when he had put his arm about Mattie, she had not resisted. But that had been out-of-doors, under the open irresponsible night. Now, in the warm lamplit room, with all its ancient implications of conformity and order, she seemed infinitely farther away from him and more unapproachable.",179,2,false,"Q2 dominance failure: The one clear metaphor/simile candidate ('felt as if her blush had set a flaming guard about her') is a single embedded figure subordinate to the dominant signal of character interiority and emotional tension. The passage's primary cognitive work is tracking Ethan's internal emotional state — his desire, awkwardness, and sense of Mattie's inaccessibility — not recognizing or constructing figurative meaning. The metaphor serves the emotional narrative rather than standing as the dominant teachable phenomenon. Additionally, Q5 fails because there are insufficient discrete pointable figurative elements: only one genuine metaphor/simile ('flaming guard') and one partial figurative phrase ('open irresponsible night'), with the remainder of the passage being literal interior thought and action description, making evidence discrimination items unviable.",,,,,,v4,rejected_by_filter
figurative_language_failure,4517,Ethan Frome,"Wharton, Edith","He did not know why he was so irrationally happy, for nothing was changed in his life or hers. He had not even touched the tip of her fingers or looked her full in the eyes. But their evening together had given him a vision of what life at her side might be, and he was glad now that he had done nothing to trouble the sweetness of the picture. He had a fancy that she knew what had restrained him....

There was a last load of lumber to be hauled to the village, and Jotham Powell—who did not work regularly for Ethan in winter—had “come round” to help with the job. But a wet snow, melting to sleet, had fallen in the night and turned the roads to glass. There was more wet in the air and it seemed likely to both men that the weather would “milden” toward afternoon and make the going safer. Ethan therefore proposed to his assistant that they should load the sledge at the wood-lot, as they had done on the previous morning, and put off the “teaming” to Starkfield till later in the day. This plan had the advantage of enabling him to send Jotham to the Flats after dinner to meet Zenobia, while he himself took the lumber down to the village.",220,2,false,"Q2 dominance failure: figurative language (metaphor/simile) is not the dominant cognitive signal. The passage is primarily driven by plot/logistical action in paragraph 2 and interior emotional description in paragraph 1. The one figurative element present — 'turned the roads to glass' (metaphor) and 'vision of what life at her side might be' (metaphor) — are embedded subordinately within narrative description and practical planning. No sustained comparison structure or simile is developed. The target skill is a secondary texture, not the primary cognitive work.",,,,,,v4,rejected_by_filter
figurative_language_failure,4517,Ethan Frome,"Wharton, Edith","Going into his cold dark “study” he placed the lantern on the table and, stooping to its light, read the message again and again. It was the first time that Mattie had ever written to him, and the possession of the paper gave him a strange new sense of her nearness; yet it deepened his anguish by reminding him that henceforth they would have no other way of communicating with each other. For the life of her smile, the warmth of her voice, only cold paper and dead words!

Confused motions of rebellion stormed in him. He was too young, too strong, too full of the sap of living, to submit so easily to the destruction of his hopes. Must he wear out all his years at the side of a bitter querulous woman? Other possibilities had been in him, possibilities sacrificed, one by one, to Zeena’s narrow-mindedness and ignorance. And what good had come of it? She was a hundred times bitterer and more discontented than when he had married her: the one pleasure left her was to inflict pain on him. All the healthy instincts of self-defence rose up in him against such waste....",196,2,false,"Q2 dominance fail: The metaphorical language ('too full of the sap of living,' 'cold paper and dead words,' 'possibilities sacrificed one by one') is subordinate to the dominant signal of character emotion and interior monologue. The passage is primarily engaged in rendering Ethan's psychological rebellion, grief, and resentment toward Zeena. Figurative language is embedded as flavor within a character-driven emotional passage, not the primary cognitive work the passage demands. A student reading this passage would be directed by its structure toward understanding Ethan's feelings, not toward detecting and interpreting figurative comparisons.",,,,,,v4,rejected_by_filter
figurative_language_failure,4517,Ethan Frome,"Wharton, Edith","The passion of rebellion had broken out in him again. That which had seemed incredible in the sober light of day had really come to pass, and he was to assist as a helpless spectator at Mattie’s banishment. His manhood was humbled by the part he was compelled to play and by the thought of what Mattie must think of him. Confused impulses struggled in him as he strode along to the village. He had made up his mind to do something, but he did not know what it would be.

The early mist had vanished and the fields lay like a silver shield under the sun. It was one of the days when the glitter of winter shines through a pale haze of spring. Every yard of the road was alive with Mattie’s presence, and there was hardly a branch against the sky or a tangle of brambles on the bank in which some bright shred of memory was not caught. Once, in the stillness, the call of a bird in a mountain ash was so like her laughter that his heart tightened and then grew large; and all these things made him see that something must be done at once.",202,2,false,"Q2 DOMINANCE FAIL: The figurative language (simile 'like a silver shield,' simile 'so like her laughter,' personification 'Every yard of the road was alive') is subordinate to and in service of interior emotional/character work — Ethan's anguish over Mattie's banishment, his shame, his suppressed passion. The dominant cognitive signal the passage demands is emotional characterization, not figurative language interpretation. The metaphors and similes exist to deepen mood and character interiority, not to stand as the primary teachable phenomenon. Additionally, the figurative elements are diffuse — spread across winter imagery, memory imagery, bird-call imagery — with no single dominant comparison anchoring the passage's meaning. A student reading this passage is primarily tracking Ethan's emotional state, not performing figurative language analysis.",,,,,,v4,rejected_by_filter
figurative_language_failure,4517,Ethan Frome,"Wharton, Edith","The words were like fragments torn from his heart. With them came the hated vision of the house he was going back to—of the stairs he would have to go up every night, of the woman who would wait for him there. And the sweetness of Mattie’s avowal, the wild wonder of knowing at last that all that had happened to him had happened to her too, made the other vision more abhorrent, the other life more intolerable to return to....

Her pleadings still came to him between short sobs, but he no longer heard what she was saying. Her hat had slipped back and he was stroking her hair. He wanted to get the feeling of it into his hand, so that it would sleep there like a seed in winter. Once he found her mouth again, and they seemed to be by the pond together in the burning August sun. But his cheek touched hers, and it was cold and full of weeping, and he saw the road to the Flats under the night and heard the whistle of the train up the line.",186,2,false,"Q5 FAIL: Passage does not support any viable item pattern. While simile/metaphor signals are present ('like fragments torn from his heart,' 'like a seed in winter'), they are embedded within dense interior emotional narrative that dominates the cognitive load. Fewer than 4 discrete pointable elements exist at clearly differentiated signal levels. The two figurative phrases are both metaphor/simile and both serve the same emotional move (longing/loss), leaving insufficient non-supporting foils for discrimination. The passage is dominated by interior monologue and sensory-emotional blending rather than discrete, contrastable evidence points. 5a fails: only 2 figurative target elements, non-supporting elements blur into the same emotional register rather than offering clean contrast. 5b fails: insufficient density — two paragraphs but most content is interior thought and emotional description, not discrete pointable units. 5c fails: dominant concept is ambiguous between simile, imagery, and emotional tone — no clean single nameable concept with 3 tempting distractors. 5d fails: no identifiable craft pivot or structural feature at a nameable location that a student could point to as a craft decision.",,,,,,v4,rejected_by_filter
figurative_language_failure,4517,Ethan Frome,"Wharton, Edith","One of them, on my appearing, raised her tall bony figure from her seat, not as if to welcome me—for she threw me no more than a brief glance of surprise—but simply to set about preparing the meal which Frome’s absence had delayed. A slatternly calico wrapper hung from her shoulders and the wisps of her thin grey hair were drawn away from a high forehead and fastened at the back by a broken comb. She had pale opaque eyes which revealed nothing and reflected nothing, and her narrow lips were of the same sallow colour as her face.

The other woman was much smaller and slighter. She sat huddled in an arm-chair near the stove, and when I came in she turned her head quickly toward me, without the least corresponding movement of her body. Her hair was as grey as her companion’s, her face as bloodless and shrivelled, but amber-tinted, with swarthy shadows sharpening the nose and hollowing the temples. Under her shapeless dress her body kept its limp immobility, and her dark eyes had the bright witch-like stare that disease of the spine sometimes gives.",188,2,false,"Q2 dominance fail: The passage is primarily a character description / atmospheric portraiture. The figurative language elements present ('pale opaque eyes which revealed nothing and reflected nothing,' 'bright witch-like stare') are subordinate decorative details within a dominant descriptive/observational mode. The cognitive work the passage demands is tracking physical appearance and implied character, not recovering meaning through figurative comparison. The simile-adjacent 'witch-like' is embedded in a medical explanatory clause ('that disease of the spine sometimes gives'), which immediately literalizes it. No sustained metaphor or simile structure drives the passage's meaning.",,,,,,v4,rejected_by_filter
figurative_language_failure,4517,Ethan Frome,"Wharton, Edith","The winter morning was as clear as crystal. The sunrise burned red in a pure sky, the shadows on the rim of the wood-lot were darkly blue, and beyond the white and scintillating fields patches of far-off forest hung like smoke.

It was in the early morning stillness, when his muscles were swinging to their familiar task and his lungs expanding with long draughts of mountain air, that Ethan did his clearest thinking. He and Zeena had not exchanged a word after the door of their room had closed on them. She had measured out some drops from a medicine-bottle on a chair by the bed and, after swallowing them, and wrapping her head in a piece of yellow flannel, had lain down with her face turned away. Ethan undressed hurriedly and blew out the light so that he should not see her when he took his place at her side. As he lay there he could hear Mattie moving about in her room, and her candle, sending its small ray across the landing, drew a scarcely perceptible line of light under his door. He kept his eyes fixed on the light till it vanished. Then the room grew perfectly black, and not a sound was audible but Zeena’s asthmatic breathing. Ethan felt confusedly that there were many things he ought to think about, but through his tingling veins and tired brain only one sensation throbbed: the warmth of Mattie’s shoulder against his. Why had he not kissed her when he held her there? A few hours earlier he would not have asked himself the question. Even a few minutes earlier, when they had stood alone outside the house, he would not have dared to think of kissing her. But since he had seen her lips in the lamplight he felt that they were his.",305,2,false,"Q2 dominance failure: figurative language is present but subordinate to character interiority and desire-driven plot action. The dominant cognitive work the passage demands is tracking Ethan's emotional and psychological state — his longing for Mattie, his avoidance of Zeena, his fixation on the candle light. The simile 'patches of far-off forest hung like smoke' and the possessive metaphor 'he felt that they were his' are discrete moments embedded within a passage whose primary signal is interior emotional narrative, not figurative language instruction. A student reading this passage would be doing character/psychology work, not figurative language detection work.",,,,,,v4,rejected_by_filter
figurative_language_failure,4517,Ethan Frome,"Wharton, Edith","They turned in at the gate and passed under the shaded knoll where, enclosed in a low fence, the Frome grave-stones slanted at crazy angles through the snow. Ethan looked at them curiously. For years that quiet company had mocked his restlessness, his desire for change and freedom. “We never got away—how should you?” seemed to be written on every headstone; and whenever he went in or out of his gate he thought with a shiver: “I shall just go on living here till I join them.” But now all desire for change had vanished, and the sight of the little enclosure gave him a warm sense of continuance and stability.

“I guess we’ll never let you go, Matt,” he whispered, as though even the dead, lovers once, must conspire with him to keep her; and brushing by the graves, he thought: “We’ll always go on living here together, and some day she’ll lie there beside me.”

He let the vision possess him as they climbed the hill to the house. He was never so happy with her as when he abandoned himself to these dreams. Half-way up the slope Mattie stumbled against some unseen obstruction and clutched his sleeve to steady herself. The wave of warmth that went through him was like the prolongation of his vision. For the first time he stole his arm about her, and she did not resist. They walked on as if they were floating on a summer stream.",245,3,false,"Q3 accessibility failure: the dominant figurative language signals — the gravestones as a mocking chorus, the dead as 'lovers once' who conspire to keep Mattie, and the emotional weight of 'We never got away—how should you?' — require novel-level schema to fully decode. A Title I 9th grader reading only these 245 words cannot reconstruct that Ethan is trapped in a loveless marriage, that the graves represent generations of Fromes similarly trapped, or that Mattie is the object of forbidden desire. The simile 'like the prolongation of his vision' and 'as if they were floating on a summer stream' are technically accessible on their own, but they are embedded in and dependent on the novel-level symbolic architecture around the graves. Without that context, the figurative comparisons read as generic romantic warmth rather than carrying their actual meaning (transgressive desire offering escape from a death-in-life existence). The passage cannot be self-contained for the target skill.",,,,,,v4,rejected_by_filter
figurative_language_failure,4517,Ethan Frome,"Wharton, Edith","Zenobia’s fault-finding was of the silent kind, but not the less penetrating for that. During the first months Ethan alternately burned with the desire to see Mattie defy her and trembled with fear of the result. Then the situation grew less strained. The pure air, and the long summer hours in the open, gave back life and elasticity to Mattie, and Zeena, with more leisure to devote to her complex ailments, grew less watchful of the girl’s omissions; so that Ethan, struggling on under the burden of his barren farm and failing saw-mill, could at least imagine that peace reigned in his house.

There was really, even now, no tangible evidence to the contrary; but since the previous night a vague dread had hung on his sky-line. It was formed of Zeena’s obstinate silence, of Mattie’s sudden look of warning, of the memory of just such fleeting imperceptible signs as those which told him, on certain stainless mornings, that before night there would be rain.

His dread was so strong that, man-like, he sought to postpone certainty. The hauling was not over till mid-day, and as the lumber was to be delivered to Andrew Hale, the Starkfield builder, it was really easier for Ethan to send Jotham Powell, the hired man, back to the farm on foot, and drive the load down to the village himself. He had scrambled up on the logs, and was sitting astride of them, close over his shaggy grays, when, coming between him and their streaming necks, he had a vision of the warning look that Mattie had given him the night before.",268,3,false,"Q2 dominance failure: the passage's primary cognitive work is interior psychological tension and character dread, not the detection and interpretation of figurative language. The two figurative elements present — 'a vague dread had hung on his sky-line' and the rain-sign simile — are embedded within and subordinate to the narrative momentum of Ethan's anxiety and avoidance behavior. A reader processes the passage for plot/character first; the figurative language is decorative scaffolding for mood rather than the dominant signal. Q5 also fails: there are only 2 pointable figurative elements (insufficient for 5a discrimination foil construction without heavy item engineering), density is too low for 5b, the dominant concept is ambiguous between mood/atmosphere and figurative language making 5c unreliable, and there is no clean identifiable craft pivot for 5d.",,,,,,v4,rejected_by_filter
figurative_language_failure,4517,Ethan Frome,"Wharton, Edith","He opened the barn-door and craned his head into the obscurity, half-fearing to discover Denis Eady’s roan colt in the stall beside the sorrel. But the old horse was there alone, mumbling his crib with toothless jaws, and Ethan whistled cheerfully while he bedded down the grays and shook an extra measure of oats into their mangers. His was not a tuneful throat—but harsh melodies burst from it as he locked the barn and sprang up the hill to the house. He reached the kitchen-porch and turned the door-handle; but the door did not yield to his touch.

Startled at finding it locked he rattled the handle violently; then he reflected that Mattie was alone and that it was natural she should barricade herself at nightfall. He stood in the darkness expecting to hear her step. It did not come, and after vainly straining his ears he called out in a voice that shook with joy: “Hello, Matt!”

Silence answered; but in a minute or two he caught a sound on the stairs and saw a line of light about the door-frame, as he had seen it the night before. So strange was the precision with which the incidents of the previous evening were repeating themselves that he half expected, when he heard the key turn, to see his wife before him on the threshold; but the door opened, and Mattie faced him.",233,3,false,"Q1 FAIL: The passage does not contain substantive metaphor or simile signals. The only candidate phrase — 'a voice that shook with joy' — is a mild figurative touch but functions more as a physical/emotional description than a teachable metaphor or simile. There is no comparison using 'like' or 'as,' no extended metaphor, no personification with comparative weight, and no figurative construction that requires a student to recover meaning the author withheld by not stating it literally. The dominant cognitive work in this passage is narrative tension and anticipation (will Mattie be there?), not figurative language.",,,,,,v4,rejected_by_filter
figurative_language_failure,4517,Ethan Frome,"Wharton, Edith","Suddenly it occurred to him that Andrew Hale, who was a kind-hearted man, might be induced to reconsider his refusal and advance a small sum on the lumber if he were told that Zeena’s ill-health made it necessary to hire a servant. Hale, after all, knew enough of Ethan’s situation to make it possible for the latter to renew his appeal without too much loss of pride; and, moreover, how much did pride count in the ebullition of passions in his breast?

The more he considered his plan the more hopeful it seemed. If he could get Mrs. Hale’s ear he felt certain of success, and with fifty dollars in his pocket nothing could keep him from Mattie....

His first object was to reach Starkfield before Hale had started for his work; he knew the carpenter had a job down the Corbury road and was likely to leave his house early. Ethan’s long strides grew more rapid with the accelerated beat of his thoughts, and as he reached the foot of School House Hill he caught sight of Hale’s sleigh in the distance. He hurried forward to meet it, but as it drew nearer he saw that it was driven by the carpenter’s youngest boy and that the figure at his side, looking like a large upright cocoon in spectacles, was that of Mrs. Hale. Ethan signed to them to stop, and Mrs. Hale leaned forward, her pink wrinkles twinkling with benevolence.",242,3,false,"Q2 dominance failure: the passage is primarily a plot-action and interior-planning sequence. The single figurative element ('looking like a large upright cocoon in spectacles') is a brief decorative simile embedded at the end of a passage dominated by Ethan's scheming, physical movement, and narrative logistics. The target skill is subordinate to plot action, not dominant.",,,,,,v4,rejected_by_filter
figurative_language_failure,4517,Ethan Frome,"Wharton, Edith","It was a long time since any one had spoken to him as kindly as Mrs. Hale. Most people were either indifferent to his troubles, or disposed to think it natural that a young fellow of his age should have carried without repining the burden of three crippled lives. But Mrs. Hale had said, “You’ve had an awful mean time, Ethan Frome,” and he felt less alone with his misery. If the Hales were sorry for him they would surely respond to his appeal....

He started down the road toward their house, but at the end of a few yards he pulled up sharply, the blood in his face. For the first time, in the light of the words he had just heard, he saw what he was about to do. He was planning to take advantage of the Hales’ sympathy to obtain money from them on false pretences. That was a plain statement of the cloudy purpose which had driven him in headlong to Starkfield.

With the sudden perception of the point to which his madness had carried him, the madness fell and he saw his life before him as it was. He was a poor man, the husband of a sickly woman, whom his desertion would leave alone and destitute; and even if he had had the heart to desert her he could have done so only by deceiving two kindly people who had pitied him.",238,3,false,"Q1 PRESENCE FAIL: The passage contains no meaningful metaphor or simile signal. The single phrase 'the burden of three crippled lives' is a mild idiomatic metaphor but is used almost transparently and does not constitute a teachable figurative language instance. The phrase 'his madness had carried him' is similarly near-literal in context. There is no simile, no extended comparison, no figurative construction that requires a student to recover meaning through non-literal interpretation. The passage is dominated by interior moral reasoning and emotional realization — psychological realism prose, not figurative language.",,,,,,v4,rejected_by_filter
figurative_language_failure,4517,Ethan Frome,"Wharton, Edith","Their arms had slipped apart and they stood motionless, each seeking to distinguish the other’s face.

“I know I ain’t anything like as smart as I ought to be,” she went on, while he vainly struggled for expression. “There’s lots of things a hired girl could do that come awkward to me still—and I haven’t got much strength in my arms. But if she’d only tell me I’d try. You know she hardly ever says anything, and sometimes I can see she ain’t suited, and yet I don’t know why.” She turned on him with a sudden flash of indignation. “You’d ought to tell me, Ethan Frome—you’d ought to! Unless _you_ want me to go too—”

Unless he wanted her to go too! The cry was balm to his raw wound. The iron heavens seemed to melt and rain down sweetness. Again he struggled for the all-expressive word, and again, his arm in hers, found only a deep “Come along.”

They walked on in silence through the blackness of the hemlock-shaded lane, where Ethan’s sawmill gloomed through the night, and out again into the comparative clearness of the fields. On the farther side of the hemlock belt the open country rolled away before them grey and lonely under the stars. Sometimes their way led them under the shade of an overhanging bank or through the thin obscurity of a clump of leafless trees. Here and there a farmhouse stood far back among the fields, mute and cold as a grave-stone. The night was so still that they heard the frozen snow crackle under their feet. The crash of a loaded branch falling far off in the woods reverberated like a musket-shot, and once a fox barked, and Mattie shrank closer to Ethan, and quickened her steps.",296,4,false,"Q2 dominance failure: metaphor/simile are present but subordinate to atmospheric description and emotional character interaction. The figurative language serves mood and setting rather than operating as the dominant cognitive work. Plot and emotional tension between characters (Mattie's fear of being sent away, Ethan's inarticulate longing) dominate the passage. The similes ('mute and cold as a grave-stone,' 'reverberated like a musket-shot') are embedded in a descriptive paragraph and function as atmosphere-builders, not as the primary cognitive signal a student would be directed to work through. Q5 also fails: the two clear similes in paragraph 4 are the only pointable target-supporting elements; the remaining figurative language ('iron heavens seemed to melt,' 'balm to his raw wound') is metaphoric but blended into interior emotional narration, making clean discrimination items difficult to construct. Insufficient density for 5b; dominant signal is atmospheric/emotional rather than cleanly figurative for 5c; no identifiable craft pivot for 5d.",,,,,,v4,rejected_by_filter
figurative_language_failure,4517,Ethan Frome,"Wharton, Edith","Her husband hardly heard what she was saying. During the winter months there was no stage between Starkfield and Bettsbridge, and the trains which stopped at Corbury Flats were slow and infrequent. A rapid calculation showed Ethan that Zeena could not be back at the farm before the following evening....

“If I’d supposed you’d ’a’ made any objection to Jotham Powell’s driving me over—” she began again, as though his silence had implied refusal. On the brink of departure she was always seized with a flux of words. “All I know is,” she continued, “I can’t go on the way I am much longer. The pains are clear away down to my ankles now, or I’d ’a’ walked in to Starkfield on my own feet, sooner’n put you out, and asked Michael Eady to let me ride over on his wagon to the Flats, when he sends to meet the train that brings his groceries. I’d ’a’ had two hours to wait in the station, but I’d sooner ’a’ done it, even with this cold, than to have you say—”

“Of course Jotham’ll drive you over,” Ethan roused himself to answer. He became suddenly conscious that he was looking at Mattie while Zeena talked to him, and with an effort he turned his eyes to his wife. She sat opposite the window, and the pale light reflected from the banks of snow made her face look more than usually drawn and bloodless, sharpened the three parallel creases between ear and cheek, and drew querulous lines from her thin nose to the corners of her mouth. Though she was but seven years her husband’s senior, and he was only twenty-eight, she was already an old woman.

Ethan tried to say something befitting the occasion, but there was only one thought in his mind: the fact that, for the first time since Mattie had come to live with them, Zeena was to be away for a night. He wondered if the girl were thinking of it too....",335,4,false,"Q2 dominance fail: The figurative language present — specifically the simile-adjacent descriptive comparison of Zeena's face ('more than usually drawn and bloodless') and the concluding metaphorical statement ('she was already an old woman') — is subordinate to the dominant signals of character interiority, domestic tension, and narrative plot movement. The cognitive work the passage primarily demands is tracking Ethan's internal state, his awareness of Mattie, and the situational significance of Zeena's absence. The figurative/comparative language is incidental to that dominant work, not the primary cognitive task.",,,,,,v4,rejected_by_filter
figurative_language_failure,4517,Ethan Frome,"Wharton, Edith","He thought that by starting out again with the lumber as soon as he had finished his dinner he might get back to the farm with the glue before Jotham and the old sorrel had had time to fetch Zenobia from the Flats; but he knew the chance was a slight one. It turned on the state of the roads and on the possible lateness of the Bettsbridge train. He remembered afterward, with a grim flash of self-derision, what importance he had attached to the weighing of these probabilities....

As soon as dinner was over he set out again for the wood-lot, not daring to linger till Jotham Powell left. The hired man was still drying his wet feet at the stove, and Ethan could only give Mattie a quick look as he said beneath his breath: “I’ll be back early.”

He fancied that she nodded her comprehension; and with that scant solace he had to trudge off through the rain.

He had driven his load half-way to the village when Jotham Powell overtook him, urging the reluctant sorrel toward the Flats. “I’ll have to hurry up to do it,” Ethan mused, as the sleigh dropped down ahead of him over the dip of the school-house hill. He worked like ten at the unloading, and when it was over hastened on to Michael Eady’s for the glue. Eady and his assistant were both “down street,” and young Denis, who seldom deigned to take their place, was lounging by the stove with a knot of the golden youth of Starkfield. They hailed Ethan with ironic compliment and offers of conviviality; but no one knew where to find the glue. Ethan, consumed with the longing for a last moment alone with Mattie, hung about impatiently while Denis made an ineffectual search in the obscurer corners of the store.",306,4,false,"Q1/Q2: The passage contains minimal figurative language and lacks any dominant metaphor or simile signal. The single candidate phrase 'He worked like ten' is a brief idiomatic hyperbole rather than a true simile developing comparison meaning, and it is isolated and underdeveloped. The passage is dominated by plot action, logistical tension, and interior anxiety — not by figurative comparison. There is no teachable metaphor or simile strand present at sufficient depth to constitute a signal for ELA.9.R.3.1.",,,,,,v4,rejected_by_filter
figurative_language_failure,4517,Ethan Frome,"Wharton, Edith","Zeena came into the room with her dragging down-at-the-heel step, and quietly took her accustomed seat between them.

“I felt a little mite better, and Dr. Buck says I ought to eat all I can to keep my strength up, even if I ain’t got any appetite,” she said in her flat whine, reaching across Mattie for the teapot. Her “good” dress had been replaced by the black calico and brown knitted shawl which formed her daily wear, and with them she had put on her usual face and manner. She poured out her tea, added a great deal of milk to it, helped herself largely to pie and pickles, and made the familiar gesture of adjusting her false teeth before she began to eat. The cat rubbed itself ingratiatingly against her, and she said “Good Pussy,” stooped to stroke it and gave it a scrap of meat from her plate.

Ethan sat speechless, not pretending to eat, but Mattie nibbled valiantly at her food and asked Zeena one or two questions about her visit to Bettsbridge. Zeena answered in her every-day tone and, warming to the theme, regaled them with several vivid descriptions of intestinal disturbances among her friends and relatives. She looked straight at Mattie as she spoke, a faint smile deepening the vertical lines between her nose and chin.

When supper was over she rose from her seat and pressed her hand to the flat surface over the region of her heart. “That pie of yours always sets a mite heavy, Matt,” she said, not ill-naturedly. She seldom abbreviated the girl’s name, and when she did so it was always a sign of affability.",277,4,false,"Q1/Q2: The passage contains no meaningful metaphor or simile signal. The figurative language present is minimal and incidental — 'flat whine' is mildly metaphorical but functions as descriptive diction, not a teachable comparison structure. The dominant cognitive signal is ironic character observation (Zeena's passive aggression, her performance of illness vs. hearty appetite, the 'sign of affability' closing). This is a tone/irony or characterization passage, not a metaphor/simile passage. The target skill is absent as a dominant or even secondary feature.",,,,,,v4,rejected_by_filter
figurative_language_failure,4517,Ethan Frome,"Wharton, Edith","A bright flush flew to Mattie’s cheeks. “I wanted to make the supper-table pretty,” she said.

“You wanted to make the supper-table pretty; and you waited till my back was turned, and took the thing I set most store by of anything I’ve got, and wouldn’t never use it, not even when the minister come to dinner, or Aunt Martha Pierce come over from Bettsbridge—” Zeena paused with a gasp, as if terrified by her own evocation of the sacrilege. “You’re a bad girl, Mattie Silver, and I always known it. It’s the way your father begun, and I was warned of it when I took you, and I tried to keep my things where you couldn’t get at ’em—and now you’ve took from me the one I cared for most of all—” She broke off in a short spasm of sobs that passed and left her more than ever like a shape of stone.

“If I’d ’a’ listened to folks, you’d ’a’ gone before now, and this wouldn’t ’a’ happened,” she said; and gathering up the bits of broken glass she went out of the room as if she carried a dead body....

When Ethan was called back to the farm by his father’s illness his mother gave him, for his own use, a small room behind the untenanted “best parlour.” Here he had nailed up shelves for his books, built himself a box-sofa out of boards and a mattress, laid out his papers on a kitchen-table, hung on the rough plaster wall an engraving of Abraham Lincoln and a calendar with “Thoughts from the Poets,” and tried, with these meagre properties, to produce some likeness to the study of a “minister” who had been kind to him and lent him books when he was at Worcester. He still took refuge there in summer, but when Mattie came to live at the farm he had to give her his stove, and consequently the room was uninhabitable for several months of the year.",333,4,false,"Q2 dominance fail: The two figurative language instances present — 'like a shape of stone' (simile) and 'as if she carried a dead body' (simile) — are subordinate to the dominant signals of character conflict, emotional confrontation, and domestic drama. The figurative language appears incidentally within a scene driven by Zeena's accusatory speech and Ethan's backstory. The passage's cognitive work is tracking character emotion and interpersonal tension, not recognizing and constructing meaning from figurative comparison. Q4 also fails: the passage juxtaposes a heated dialogue scene with an entirely separate expository paragraph about Ethan's room history, creating split cognitive load with no unified figurative thread. The two similes are isolated and do not accumulate into a teachable figurative language strand.",,,,,,v4,rejected_by_filter
figurative_language_failure,4517,Ethan Frome,"Wharton, Edith","She drew her mild brows into a frown of pain. “It was just awful from the beginning. I was here in the house when they were carried up—they laid Mattie Silver in the room you’re in. She and I were great friends, and she was to have been my bridesmaid in the spring.... When she came to I went up to her and stayed all night. They gave her things to quiet her, and she didn’t know much till to’rd morning, and then all of a sudden she woke up just like herself, and looked straight at me out of her big eyes, and said.... Oh, I don’t know why I’m telling you all this,” Mrs. Hale broke off, crying.

She took off her spectacles, wiped the moisture from them, and put them on again with an unsteady hand. “It got about the next day,” she went on, “that Zeena Frome had sent Mattie off in a hurry because she had a hired girl coming, and the folks here could never rightly tell what she and Ethan were doing that night coasting, when they’d ought to have been on their way to the Flats to ketch the train.... I never knew myself what Zeena thought—I don’t to this day. Nobody knows Zeena’s thoughts. Anyhow, when she heard o’ the accident she came right in and stayed with Ethan over to the minister’s, where they’d carried him. And as soon as the doctors said that Mattie could be moved, Zeena sent for her and took her back to the farm.”

“And there she’s been ever since?”

Mrs. Hale answered simply: “There was nowhere else for her to go”; and my heart tightened at the thought of the hard compulsions of the poor.",291,4,false,"Q1 failure: The passage contains no meaningful metaphor or simile signal. The single candidate phrase — 'my heart tightened at the thought of the hard compulsions of the poor' — functions more as an emotional interior reaction with mild figurative coloring ('tightened') than a developed metaphor or simile comparison. The passage is dominated by plain narrative dialogue recounting plot events: who was carried where, what Zeena did, what happened to Mattie. There is no comparison using 'like' or 'as,' no extended metaphor, and no figurative device that requires the student to recover meaning the author chose not to say literally. The target skill for ELA.9.R.3.1 metaphor/simile is essentially absent.",,,,,,v4,rejected_by_filter
figurative_language_failure,4517,Ethan Frome,"Wharton, Edith","She went out of the kitchen and Mattie, rising, began to clear the dishes from the table. As she passed Ethan’s chair their eyes met and clung together desolately. The warm still kitchen looked as peaceful as the night before. The cat had sprung to Zeena’s rocking-chair, and the heat of the fire was beginning to draw out the faint sharp scent of the geraniums. Ethan dragged himself wearily to his feet.

“I’ll go out and take a look around,” he said, going toward the passage to get his lantern.

As he reached the door he met Zeena coming back into the room, her lips twitching with anger, a flush of excitement on her sallow face. The shawl had slipped from her shoulders and was dragging at her down-trodden heels, and in her hands she carried the fragments of the red glass pickle-dish.

“I’d like to know who done this,” she said, looking sternly from Ethan to Mattie.

There was no answer, and she continued in a trembling voice: “I went to get those powders I’d put away in father’s old spectacle-case, top of the china-closet, where I keep the things I set store by, so’s folks shan’t meddle with them—” Her voice broke, and two small tears hung on her lashless lids and ran slowly down her cheeks. “It takes the stepladder to get at the top shelf, and I put Aunt Philura Maple’s pickle-dish up there o’ purpose when we was married, and it’s never been down since, ’cept for the spring cleaning, and then I always lifted it with my own hands, so’s ’t it shouldn’t get broke.” She laid the fragments reverently on the table. “I want to know who done this,” she quavered.",288,5,false,"Q2_DOMINANCE: The dominant cognitive work in this passage is novel-level symbolism — the pickle-dish as a symbol of Zeena and Ethan's broken marriage — which requires prior reading of the novel to function. Metaphor/simile is a marginal presence at best. The passage contains one simile ('looked as peaceful as the night before') and minimal comparative figurative language. The overwhelming cognitive signal is character drama, emotional tension, and symbolic object revelation. The target skill (metaphor/simile) is deeply subordinate to plot action and symbolism.",,,,,,v4,rejected_by_filter
figurative_language_failure,4517,Ethan Frome,"Wharton, Edith","Mattie Silver had lived under his roof for a year, and from early morning till they met at supper he had frequent chances of seeing her; but no moments in her company were comparable to those when, her arm in his, and her light step flying to keep time with his long stride, they walked back through the night to the farm. He had taken to the girl from the first day, when he had driven over to the Flats to meet her, and she had smiled and waved to him from the train, crying out, “You must be Ethan!” as she jumped down with her bundles, while he reflected, looking over her slight person: “She don’t look much on housework, but she ain’t a fretter, anyhow.” But it was not only that the coming to his house of a bit of hopeful young life was like the lighting of a fire on a cold hearth. The girl was more than the bright serviceable creature he had thought her. She had an eye to see and an ear to hear: he could show her things and tell her things, and taste the bliss of feeling that all he imparted left long reverberations and echoes he could wake at will.",209,1,true,"Q1/Q2 PASS: The passage contains at least two clear, dominant figurative language moments — a self-contained simile ('like the lighting of a fire on a cold hearth') and a metaphor/imagery cluster ('reverberations and echoes he could wake at will') — that constitute the primary cognitive work. Q3 PASS: Both figurative moments are self-sufficient. The simile compares Mattie's presence to fire warmth on a cold hearth; no outside schema is needed — warmth vs. cold is universal. The reverberations/echoes metaphor conveys lasting emotional impact through sensory language fully readable from context. No period-specific institutions, allusions, or named cultural codes required. Q4 PASS: Syntax is slightly elevated but manageable for 9th grade intervention with support; the figurative signals are not buried under competing primitives. The surrounding narrative is plain enough to isolate the two figurative moments clearly. Q5 PASS: Supports 5a (evidence discrimination — 2 target-supporting figurative phrases vs. 3 literal/narrative non-supporting phrases) and 5c (discrete concept identification — the dominant signal is simile/metaphor conveying emotional meaning, with plausible distractors such as characterization, imagery, or symbolism). The cold hearth simile is especially clean for a standard 'Which sentence uses figurative language to show how Ethan feels about Mattie?' item.",,,,,2,v4,error
figurative_language_failure,4517,Ethan Frome,"Wharton, Edith","Well, she could go back to her people, then, and see what they would do for her. It was the fate she was forcing on Mattie—why not let her try it herself? By the time she had discovered his whereabouts, and brought suit for divorce, he would probably—wherever he was—be earning enough to pay her a sufficient alimony. And the alternative was to let Mattie go forth alone, with far less hope of ultimate provision....

He had scattered the contents of the table-drawer in his search for a sheet of paper, and as he took up his pen his eye fell on an old copy of the _Bettsbridge Eagle_. The advertising sheet was folded uppermost, and he read the seductive words: “Trips to the West: Reduced Rates.”

He drew the lantern nearer and eagerly scanned the fares; then the paper fell from his hand and he pushed aside his unfinished letter. A moment ago he had wondered what he and Mattie were to live on when they reached the West; now he saw that he had not even the money to take her there. Borrowing was out of the question: six months before he had given his only security to raise funds for necessary repairs to the mill, and he knew that without security no one at Starkfield would lend him ten dollars. The inexorable facts closed in on him like prison-warders handcuffing a convict. There was no way out—none. He was a prisoner for life, and now his one ray of light was to be extinguished.",257,3,true,"Q1: Clear figurative language signals are present — one explicit simile ('like prison-warders handcuffing a convict') and two metaphors ('prisoner for life,' 'ray of light... extinguished'). All directly address ELA.9.R.3.1 metaphor/simile strand. Q2: The figurative cluster in the final paragraph is the dominant cognitive payload; the earlier expository narrative (fares, letter, money) exists structurally to set up and amplify the figurative culmination, making figurative language the primary signal rather than plot mechanics. Q3: Fully self-contained. 'Prison-warders handcuffing a convict' is universally legible — no schema required. 'Ray of light extinguished' and 'prisoner for life' operate on universal human understanding of confinement and hope without period, cultural, or literary allusion dependency. Q4: The passage is prose, paragraphed, with manageable syntax. The first paragraph's legal/domestic reasoning is accessible without outside knowledge. No harmful language. Not drama or poetry format. Cognitive load is moderate and does not block target skill access. Q5: 5a supported — clear discrimination between the three figurative end-cluster phrases (target-supporting) and four literal/action details (non-supporting); a student can be asked which phrase best shows figurative language. 5c supported — 'prisoner for life' / 'like prison-warders' establish a dominant confinement metaphor/simile concept identifiable as a single dominant idea. 5d supported — identifiable structural pivot: the passage shifts from literal financial problem-solving to figurative language at the sentence 'The inexorable facts closed in on him,' marking a craft-level transition from external circumstance to internal emotional meaning. Evidence density is sufficient across all three patterns.",,,,,2,v4,error
figurative_language_failure,242,My Ántonia,"Cather, Willa","I had been sleeping, curled up in a red plush seat, for a long while when we reached Black Hawk. Jake roused me and took me by the hand. We stumbled down from the train to a wooden siding, where men were running about with lanterns. I couldn’t see any town, or even distant lights; we were surrounded by utter darkness. The engine was panting heavily after its long run. In the red glow from the fire-box, a group of people stood huddled together on the platform, encumbered by bundles and boxes. I knew this must be the immigrant family the conductor had told us about. The woman wore a fringed shawl tied over her head, and she carried a little tin trunk in her arms, hugging it as if it were a baby. There was an old man, tall and stooped. Two half-grown boys and a girl stood holding oilcloth bundles, and a little girl clung to her mother’s skirts. Presently a man with a lantern approached them and began to talk, shouting and exclaiming. I pricked up my ears, for it was positively the first time I had ever heard a foreign tongue.",195,1,false,"Q2 dominance failure: the passage contains only two figurative elements — 'The engine was panting heavily' (personification) and 'hugging it as if it were a baby' (simile) — embedded within a predominantly narrative-descriptive passage. The dominant cognitive work is scene-setting and character observation, not figurative language interpretation. The simile is a single isolated comparison; it does not drive the passage's primary signal. Additionally, Q5 fails because there are fewer than 2-3 discrete target-supporting elements sufficient to build a discrimination item — one metaphor/personification and one simile do not provide adequate evidence density.",,,,,,v4,rejected_by_filter
figurative_language_failure,242,My Ántonia,"Cather, Willa","Early the next morning I ran out-of-doors to look about me. I had been told that ours was the only wooden house west of Black Hawk—until you came to the Norwegian settlement, where there were several. Our neighbours lived in sod houses and dugouts—comfortable, but not very roomy. Our white frame house, with a storey and half-storey above the basement, stood at the east end of what I might call the farmyard, with the windmill close by the kitchen door. From the windmill the ground sloped westward, down to the barns and granaries and pig-yards. This slope was trampled hard and bare, and washed out in winding gullies by the rain. Beyond the corncribs, at the bottom of the shallow draw, was a muddy little pond, with rusty willow bushes growing about it. The road from the post-office came directly by our door, crossed the farmyard, and curved round this little pond, beyond which it began to climb the gentle swell of unbroken prairie to the west. There, along the western sky-line it skirted a great cornfield, much larger than any field I had ever seen. This cornfield, and the sorghum patch behind the barn, were the only broken land in sight. Everywhere, as far as the eye could reach, there was nothing but rough, shaggy, red grass, most of it as tall as I.",225,1,false,"Q1 PRESENCE FAIL: The passage contains almost exclusively literal descriptive language — a physical survey of a farmyard, its structures, terrain, and surrounding prairie. The one marginal figurative element is 'as tall as I,' a simile comparing grass height to the narrator's height. This is a literal measurement comparison rather than a figurative construction conveying non-literal meaning; it does not require figurative interpretation to recover meaning. No metaphor, no non-literal simile, no personification, no imagery serving symbolic function, no idiom or hyperbole is present. The passage fails to provide teachable figurative language signal for ELA.9.R.3.1.",,,,,,v4,rejected_by_filter
figurative_language_failure,242,My Ántonia,"Cather, Willa","When I caught up my hat, she shook her head. ‘No, I don’t want you to go with me. I’m to meet some Swedes at the drugstore. You wouldn’t care for them. I wanted to see your room so I could write Tony all about it, but I must tell her how I left you right here with your books. She’s always so afraid someone will run off with you!’ Lena slipped her silk sleeves into the jacket I held for her, smoothed it over her person, and buttoned it slowly. I walked with her to the door. ‘Come and see me sometimes when you’re lonesome. But maybe you have all the friends you want. Have you?’ She turned her soft cheek to me. ‘Have you?’ she whispered teasingly in my ear. In a moment I watched her fade down the dusky stairway.

When I turned back to my room the place seemed much pleasanter than before. Lena had left something warm and friendly in the lamplight. How I loved to hear her laugh again! It was so soft and unexcited and appreciative gave a favourable interpretation to everything. When I closed my eyes I could hear them all laughing—the Danish laundry girls and the three Bohemian Marys. Lena had brought them all back to me. It came over me, as it had never done before, the relation between girls like those and the poetry of Virgil. If there were no girls like them in the world, there would be no poetry. I understood that clearly, for the first time. This revelation seemed to me inestimably precious. I clung to it as if it might suddenly vanish.",277,2,false,"Q2_DOMINANCE: The passage contains figurative elements — 'Lena had left something warm and friendly in the lamplight' (implicit metaphor/personification of atmosphere), 'I clung to it as if it might suddenly vanish' (simile) — but these are subordinate to the dominant signals of character interaction, nostalgic interiority, and thematic reflection on memory and poetry. The primary cognitive work the passage asks of the reader is tracking the narrator's emotional and intellectual revelation, not detecting and unpacking figurative comparisons. The simile and metaphor elements are incidental craft texture, not the load-bearing content.",,,,,,v4,rejected_by_filter
figurative_language_failure,242,My Ántonia,"Cather, Willa","That winter Tiny kept in her hotel a Swede whose legs had been frozen one night in a storm when he was trying to find his way back to his cabin. The poor fellow thought it great good fortune to be cared for by a woman, and a woman who spoke his own tongue. When he was told that his feet must be amputated, he said he hoped he would not get well; what could a working-man do in this hard world without feet? He did, in fact, die from the operation, but not before he had deeded Tiny Soderball his claim on Hunker Creek. Tiny sold her hotel, invested half her money in Dawson building lots, and with the rest she developed her claim. She went off into the wilds and lived on the claim. She bought other claims from discouraged miners, traded or sold them on percentages.

After nearly ten years in the Klondike, Tiny returned, with a considerable fortune, to live in San Francisco. I met her in Salt Lake City in 1908. She was a thin, hard-faced woman, very well-dressed, very reserved in manner. Curiously enough, she reminded me of Mrs. Gardener, for whom she had worked in Black Hawk so long ago. She told me about some of the desperate chances she had taken in the gold country, but the thrill of them was quite gone. She said frankly that nothing interested her much now but making money. The only two human beings of whom she spoke with any feeling were the Swede, Johnson, who had given her his claim, and Lena Lingard. She had persuaded Lena to come to San Francisco and go into business there.",282,2,false,"Q1 FAIL: The passage contains no meaningful metaphor or simile signal. The language is almost entirely literal and reportorial — it narrates events, describes a person's appearance and manner, and summarizes financial transactions. The one near-figurative phrase, 'went off into the wilds,' is borderline idiomatic but functions descriptively rather than as a comparison or figurative construction. There is no metaphor, simile, or comparison-without-literal-intent present at a teachable density. Q2 also fails for the same reason: no figurative language signal dominates or even registers as a secondary feature.",,,,,,v4,rejected_by_filter
figurative_language_failure,242,My Ántonia,"Cather, Willa","I drove along the side-road and they followed slowly behind. When I pulled up at the windmill, another boy, barefooted and curly-headed, ran out of the barn to tie my team for me. He was a handsome one, this chap, fair-skinned and freckled, with red cheeks and a ruddy pelt as thick as a lamb’s wool, growing down on his neck in little tufts. He tied my team with two flourishes of his hands, and nodded when I asked him if his mother was at home. As he glanced at me, his face dimpled with a seizure of irrelevant merriment, and he shot up the windmill tower with a lightness that struck me as disdainful. I knew he was peering down at me as I walked toward the house.

Ducks and geese ran quacking across my path. White cats were sunning themselves among yellow pumpkins on the porch steps. I looked through the wire screen into a big, light kitchen with a white floor. I saw a long table, rows of wooden chairs against the wall, and a shining range in one corner. Two girls were washing dishes at the sink, laughing and chattering, and a little one, in a short pinafore, sat on a stool playing with a rag baby. When I asked for their mother, one of the girls dropped her towel, ran across the floor with noiseless bare feet, and disappeared. The older one, who wore shoes and stockings, came to the door to admit me. She was a buxom girl with dark hair and eyes, calm and self-possessed.",262,2,false,"Q2_DOMINANCE: The passage contains one isolated simile ('a ruddy pelt as thick as a lamb's wool') and minimal figurative language. The dominant cognitive work is descriptive scene-setting and character observation — cataloguing physical details of a farmyard and its inhabitants. Figurative language is subordinate to vivid realistic description, not the primary signal. The target skill does not dominate the passage.",,,,,,v4,rejected_by_filter
figurative_language_failure,242,My Ántonia,"Cather, Willa","After he had shown us his garden, Peter trundled a load of watermelons up the hill in his wheelbarrow. Pavel was not at home. He was off somewhere helping to dig a well. The house I thought very comfortable for two men who were ‘batching.’ Besides the kitchen, there was a living-room, with a wide double bed built against the wall, properly made up with blue gingham sheets and pillows. There was a little storeroom, too, with a window, where they kept guns and saddles and tools, and old coats and boots. That day the floor was covered with garden things, drying for winter; corn and beans and fat yellow cucumbers. There were no screens or window-blinds in the house, and all the doors and windows stood wide open, letting in flies and sunshine alike.

Peter put the melons in a row on the oilcloth-covered table and stood over them, brandishing a butcher knife. Before the blade got fairly into them, they split of their own ripeness, with a delicious sound. He gave us knives, but no plates, and the top of the table was soon swimming with juice and seeds. I had never seen anyone eat so many melons as Peter ate. He assured us that they were good for one—better than medicine; in his country people lived on them at this time of year. He was very hospitable and jolly. Once, while he was looking at Ántonia, he sighed and told us that if he had stayed at home in Russia perhaps by this time he would have had a pretty daughter of his own to cook and keep house for him. He said he had left his country because of a ‘great trouble.’

When we got up to go, Peter looked about in perplexity for something that would entertain us. He ran into the storeroom and brought out a gaudily painted harmonica, sat down on a bench, and spreading his fat legs apart began to play like a whole band. The tunes were either very lively or very doleful, and he sang words to some of them.",350,3,false,"Q1 FAIL: The passage contains only one weak simile — 'began to play like a whole band' — which is the sole figurative language element present. This single instance is insufficient for the skill to be present as a teachable, pointable signal. The passage is overwhelmingly literal description: domestic inventory, action narration, and character portraiture. No metaphor, extended simile, personification, imagery cluster, hyperbole, or symbolism operates as a meaningful signal. The one simile present is incidental and buried at the passage's end.",,,,,,v4,rejected_by_filter
figurative_language_failure,242,My Ántonia,"Cather, Willa","On the morning of the twenty-second I wakened with a start. Before I opened my eyes, I seemed to know that something had happened. I heard excited voices in the kitchen—grandmother’s was so shrill that I knew she must be almost beside herself. I looked forward to any new crisis with delight. What could it be, I wondered, as I hurried into my clothes. Perhaps the barn had burned; perhaps the cattle had frozen to death; perhaps a neighbour was lost in the storm.

Down in the kitchen grandfather was standing before the stove with his hands behind him. Jake and Otto had taken off their boots and were rubbing their woollen socks. Their clothes and boots were steaming, and they both looked exhausted. On the bench behind the stove lay a man, covered up with a blanket. Grandmother motioned me to the dining-room. I obeyed reluctantly. I watched her as she came and went, carrying dishes. Her lips were tightly compressed and she kept whispering to herself: ‘Oh, dear Saviour!’ ‘Lord, Thou knowest!’

Presently grandfather came in and spoke to me: ‘Jimmy, we will not have prayers this morning, because we have a great deal to do. Old Mr. Shimerda is dead, and his family are in great distress. Ambrosch came over here in the middle of the night, and Jake and Otto went back with him. The boys have had a hard night, and you must not bother them with questions. That is Ambrosch, asleep on the bench. Come in to breakfast, boys.’

After Jake and Otto had swallowed their first cup of coffee, they began to talk excitedly, disregarding grandmother’s warning glances. I held my tongue, but I listened with all my ears.",286,4,false,"Q1 FAIL: The passage contains no meaningful metaphor or simile signal. The single idiomatic phrase 'almost beside herself' is a buried idiom, not a metaphor or simile. No comparisons using 'like' or 'as,' no metaphoric substitutions, no figurative language operating at a level that would constitute a teachable ELA.9.R.3.1 signal. The passage is primarily narrative scene-setting and dialogue conveying plot action around a death in the community.",,,,,,v4,rejected_by_filter
figurative_language_failure,242,My Ántonia,"Cather, Willa","If she was proud of me, I was so proud of her that I carried my head high as I emerged from the dark cedars and shut the Cutters’ gate softly behind me. Her warm, sweet face, her kind arms, and the true heart in her; she was, oh, she was still my Ántonia! I looked with contempt at the dark, silent little houses about me as I walked home, and thought of the stupid young men who were asleep in some of them. I knew where the real women were, though I was only a boy; and I would not be afraid of them, either!

I hated to enter the still house when I went home from the dances, and it was long before I could get to sleep. Toward morning I used to have pleasant dreams: sometimes Tony and I were out in the country, sliding down straw-stacks as we used to do; climbing up the yellow mountains over and over, and slipping down the smooth sides into soft piles of chaff.

One dream I dreamed a great many times, and it was always the same. I was in a harvest-field full of shocks, and I was lying against one of them. Lena Lingard came across the stubble barefoot, in a short skirt, with a curved reaping-hook in her hand, and she was flushed like the dawn, with a kind of luminous rosiness all about her. She sat down beside me, turned to me with a soft sigh and said, ‘Now they are all gone, and I can kiss you as much as I like.’

I used to wish I could have this flattering dream about Ántonia, but I never did.",283,4,false,"Q2 dominance failure: the figurative language elements present (simile 'flushed like the dawn,' 'yellow mountains' as metaphor for straw-stacks, 'luminous rosiness') are embedded within and subordinate to a dominant narrative signal of adolescent longing, character contrast between Ántonia and Lena, and dream/memory interior monologue. The primary cognitive work the passage demands is tracking emotional and relational meaning between characters, not detecting or constructing meaning from figurative comparisons. The metaphor/simile instances are decorative or atmospheric rather than load-bearing for comprehension.",,,,,,v4,rejected_by_filter
figurative_language_failure,242,My Ántonia,"Cather, Willa","I told her about the feeling of her father’s presence I had on that winter day when my grandparents had gone over to see his dead body and I was left alone in the house. I said I felt sure then that he was on his way back to his own country, and that even now, when I passed his grave, I always thought of him as being among the woods and fields that were so dear to him.

Ántonia had the most trusting, responsive eyes in the world; love and credulousness seemed to look out of them with open faces.

‘Why didn’t you ever tell me that before? It makes me feel more sure for him.’ After a while she said: ‘You know, Jim, my father was different from my mother. He did not have to marry my mother, and all his brothers quarrelled with him because he did. I used to hear the old people at home whisper about it. They said he could have paid my mother money, and not married her. But he was older than she was, and he was too kind to treat her like that. He lived in his mother’s house, and she was a poor girl come in to do the work. After my father married her, my grandmother never let my mother come into her house again. When I went to my grandmother’s funeral was the only time I was ever in my grandmother’s house. Don’t that seem strange?’

While she talked, I lay back in the hot sand and looked up at the blue sky between the flat bouquets of elder. I could hear the bees humming and singing, but they stayed up in the sun above the flowers and did not come down into the shadow of the leaves. Ántonia seemed to me that day exactly like the little girl who used to come to our house with Mr. Shimerda.",321,4,false,"Q2 dominance failure: The target skill (metaphor/simile) is subordinate to character emotion, backstory narration, and atmospheric description. The two simile-adjacent moments — 'love and credulousness seemed to look out of them with open faces' and 'exactly like the little girl who used to come to our house' — are brief and peripheral to the dominant cognitive work of the passage, which is Ántonia's family history monologue and relational characterization. No metaphor or simile carries the primary meaning-making load.",,,,,,v4,rejected_by_filter
figurative_language_failure,242,My Ántonia,"Cather, Willa","The daughter laughed indulgently, and took my hat from me. ‘Well, you’re here, now, mother, and if you talk here, Yulka and I can listen, too. You can show him the parlour after while.’ She smiled at me, and went back to the dishes, with her sister. The little girl with the rag doll found a place on the bottom step of an enclosed back stairway, and sat with her toes curled up, looking out at us expectantly.

‘She’s Nina, after Nina Harling,’ Ántonia explained. ‘Ain’t her eyes like Nina’s? I declare, Jim, I loved you children almost as much as I love my own. These children know all about you and Charley and Sally, like as if they’d grown up with you. I can’t think of what I want to say, you’ve got me so stirred up. And then, I’ve forgot my English so. I don’t often talk it any more. I tell the children I used to speak real well.’ She said they always spoke Bohemian at home. The little ones could not speak English at all—didn’t learn it until they went to school.

‘I can’t believe it’s you, sitting here, in my own kitchen. You wouldn’t have known me, would you, Jim? You’ve kept so young, yourself. But it’s easier for a man. I can’t see how my Anton looks any older than the day I married him. His teeth have kept so nice. I haven’t got many left. But I feel just as young as I used to, and I can do as much work. Oh, we don’t have to work so hard now! We’ve got plenty to help us, papa and me. And how many have you got, Jim?’

When I told her I had no children, she seemed embarrassed. ‘Oh, ain’t that too bad! Maybe you could take one of my bad ones, now? That Leo; he’s the worst of all.’ She leaned toward me with a smile. ‘And I love him the best,’ she whispered.",332,4,false,"Q1 fail: The passage contains no meaningful figurative language signal, and specifically no metaphor or simile. The language is entirely conversational and literal — dialogue-driven, domestic, and direct. No comparison without literal intent is present. 'Stirred up' is a mild idiom but does not constitute a teachable figurative language moment, and the passage as a whole does not foreground any figurative device. The target skill for ELA.9.R.3.1 (metaphor and simile) is simply absent.",,,,,,v4,rejected_by_filter
figurative_language_failure,242,My Ántonia,"Cather, Willa","When I went downstairs in the morning, I found grandmother and Jake packing a hamper basket in the kitchen.

‘Now, Jake,’ grandmother was saying, ‘if you can find that old rooster that got his comb froze, just give his neck a twist, and we’ll take him along. There’s no good reason why Mrs. Shimerda couldn’t have got hens from her neighbours last fall and had a hen-house going by now. I reckon she was confused and didn’t know where to begin. I’ve come strange to a new country myself, but I never forgot hens are a good thing to have, no matter what you don’t have.

‘Just as you say, ma’m,’ said Jake, ‘but I hate to think of Krajiek getting a leg of that old rooster.’ He tramped out through the long cellar and dropped the heavy door behind him.

After breakfast grandmother and Jake and I bundled ourselves up and climbed into the cold front wagon-seat. As we approached the Shimerdas’, we heard the frosty whine of the pump and saw Ántonia, her head tied up and her cotton dress blown about her, throwing all her weight on the pump-handle as it went up and down. She heard our wagon, looked back over her shoulder, and, catching up her pail of water, started at a run for the hole in the bank.

Jake helped grandmother to the ground, saying he would bring the provisions after he had blanketed his horses. We went slowly up the icy path toward the door sunk in the drawside. Blue puffs of smoke came from the stovepipe that stuck out through the grass and snow, but the wind whisked them roughly away.",279,5,false,"Q1 FAIL: The passage contains no meaningful metaphor or simile. The language is almost entirely literal and narrative — packing a basket, killing a rooster, riding a wagon, pumping water. The one borderline phrase ('frosty whine of the pump') uses mild personification/sensory imagery but does not constitute a metaphor or simile. There is no comparison using 'like' or 'as' with figurative intent, no metaphorical identification, and no figurative meaning to recover. The target skill signal for ELA.9.R.3.1 (metaphor and simile) is absent.",,,,,,v4,rejected_by_filter
figurative_language_failure,242,My Ántonia,"Cather, Willa","Grandfather asked Jelinek whether in the old country there was some superstition to the effect that a suicide must be buried at the cross-roads.

Jelinek said he didn’t know; he seemed to remember hearing there had once been such a custom in Bohemia. ‘Mrs. Shimerda is made up her mind,’ he added. ‘I try to persuade her, and say it looks bad for her to all the neighbours; but she say so it must be. “There I will bury him, if I dig the grave myself,” she say. I have to promise her I help Ambrosch make the grave tomorrow.’

Grandfather smoothed his beard and looked judicial. ‘I don’t know whose wish should decide the matter, if not hers. But if she thinks she will live to see the people of this country ride over that old man’s head, she is mistaken.’

Mr. Shimerda lay dead in the barn four days, and on the fifth they buried him. All day Friday Jelinek was off with Ambrosch digging the grave, chopping out the frozen earth with old axes. On Saturday we breakfasted before daylight and got into the wagon with the coffin. Jake and Jelinek went ahead on horseback to cut the body loose from the pool of blood in which it was frozen fast to the ground.

When grandmother and I went into the Shimerdas’ house, we found the womenfolk alone; Ambrosch and Marek were at the barn. Mrs. Shimerda sat crouching by the stove, Ántonia was washing dishes. When she saw me, she ran out of her dark corner and threw her arms around me. ‘Oh, Jimmy,’ she sobbed, ‘what you tink for my lovely papa!’ It seemed to me that I could feel her heart breaking as she clung to me.",293,5,false,"Q2 dominance failure: The single figurative element ('I could feel her heart breaking as she clung to me') is a brief conventional idiom/metaphor embedded at the end of a passage dominated by narrative action (burial logistics, frozen ground, grief scene). The cognitive work throughout the passage is plot-tracking and emotional tone, not figurative language detection or meaning construction. The metaphor does not drive the passage; it punctuates it. Additionally, Q5 fails: there is only one pointable figurative element (the heart-breaking phrase), which cannot support a discrimination item requiring 2+ target-supporting evidence elements with 2+ non-supporting foils at differentiated signal levels.",,,,,,v4,rejected_by_filter
figurative_language_failure,242,My Ántonia,"Cather, Willa","All this time, of course, I was drifting. Lena had broken up my serious mood. I wasn’t interested in my classes. I played with Lena and Prince, I played with the Pole, I went buggy-riding with the old colonel, who had taken a fancy to me and used to talk to me about Lena and the ‘great beauties’ he had known in his youth. We were all three in love with Lena.

Before the first of June, Gaston Cleric was offered an instructorship at Harvard College, and accepted it. He suggested that I should follow him in the fall, and complete my course at Harvard. He had found out about Lena—not from me—and he talked to me seriously.

‘You won’t do anything here now. You should either quit school and go to work, or change your college and begin again in earnest. You won’t recover yourself while you are playing about with this handsome Norwegian. Yes, I’ve seen her with you at the theatre. She’s very pretty, and perfectly irresponsible, I should judge.’

Cleric wrote my grandfather that he would like to take me East with him. To my astonishment, grandfather replied that I might go if I wished. I was both glad and sorry on the day when the letter came. I stayed in my room all evening and thought things over. I even tried to persuade myself that I was standing in Lena’s way—it is so necessary to be a little noble!—and that if she had not me to play with, she would probably marry and secure her future.

The next evening I went to call on Lena. I found her propped up on the couch in her bay-window, with her foot in a big slipper. An awkward little Russian girl whom she had taken into her work-room had dropped a flat-iron on Lena’s toe. On the table beside her there was a basket of early summer flowers which the Pole had left after he heard of the accident. He always managed to know what went on in Lena’s apartment.",342,5,false,"Q1 PRESENCE FAIL: The passage contains no meaningful figurative language — no metaphors, similes, personification, hyperbole, symbolism, or idioms that serve as teachable signals for ELA.9.R.3.1. The language is predominantly literal and narrative. The single soft figurative gesture ('I was drifting') is a dead idiom functioning as plain description and does not carry sufficient instructional weight. The parenthetical '—it is so necessary to be a little noble!—' is ironic understatement, not metaphor/simile. There is no comparison without literal intent, no 'like/as' construction, no metaphoric substitution. Q2 fails as a consequence — no figurative language signal exists to be dominant.",,,,,,v4,rejected_by_filter
figurative_language_failure,242,My Ántonia,"Cather, Willa","Usually, when Lena referred to her life in the country at all, she dismissed it with a single remark, humorous or mildly cynical. But tonight her mind seemed to dwell on those early years. She told me she couldn’t remember a time when she was so little that she wasn’t lugging a heavy baby about, helping to wash for babies, trying to keep their little chapped hands and faces clean. She remembered home as a place where there were always too many children, a cross man and work piling up around a sick woman.

‘It wasn’t mother’s fault. She would have made us comfortable if she could. But that was no life for a girl! After I began to herd and milk, I could never get the smell of the cattle off me. The few underclothes I had I kept in a cracker-box. On Saturday nights, after everybody was in bed, then I could take a bath if I wasn’t too tired. I could make two trips to the windmill to carry water, and heat it in the wash-boiler on the stove. While the water was heating, I could bring in a washtub out of the cave, and take my bath in the kitchen. Then I could put on a clean night-gown and get into bed with two others, who likely hadn’t had a bath unless I’d given it to them. You can’t tell me anything about family life. I’ve had plenty to last me.’

‘But it’s not all like that,’ I objected.

‘Near enough. It’s all being under somebody’s thumb. What’s on your mind, Jim? Are you afraid I’ll want you to marry me some day?’

Then I told her I was going away.",285,5,false,"Q1/Q2: The passage contains almost no figurative language of the metaphor/simile type required by the ELA.9.R.3.1 harvest focus. The one borderline figurative phrase — 'It's all being under somebody's thumb' — is an idiomatic expression rather than a metaphor or simile, and it appears in a single line of dialogue as a passing remark, not as a developed or dominant signal. The passage is primarily realistic, colloquial memoir-style narration and dialogue recounting hardship. No similes, no metaphors, no comparisons without literal intent are meaningfully present or dominant.",,,,,,v4,rejected_by_filter
figurative_language_failure,242,My Ántonia,"Cather, Willa","I was thinking, as I watched her, how little it mattered—about her teeth, for instance. I know so many women who have kept all the things that she had lost, but whose inner glow has faded. Whatever else was gone, Ántonia had not lost the fire of life. Her skin, so brown and hardened, had not that look of flabbiness, as if the sap beneath it had been secretly drawn away.

While we were talking, the little boy whom they called Jan came in and sat down on the step beside Nina, under the hood of the stairway. He wore a funny long gingham apron, like a smock, over his trousers, and his hair was clipped so short that his head looked white and naked. He watched us out of his big, sorrowful grey eyes.

‘He wants to tell you about the dog, mother. They found it dead,’ Anna said, as she passed us on her way to the cupboard.

Ántonia beckoned the boy to her. He stood by her chair, leaning his elbows on her knees and twisting her apron strings in his slender fingers, while he told her his story softly in Bohemian, and the tears brimmed over and hung on his long lashes. His mother listened, spoke soothingly to him and in a whisper promised him something that made him give her a quick, teary smile. He slipped away and whispered his secret to Nina, sitting close to her and talking behind his hand.

When Anna finished her work and had washed her hands, she came and stood behind her mother’s chair. ‘Why don’t we show Mr. Burden our new fruit cave?’ she asked.",277,5,false,"Q2_DOMINANCE: The passage contains two figurative elements ('inner glow has faded' and 'fire of life' as metaphors; 'sap beneath it had been secretly drawn away' as implied metaphor), but these appear only in the opening paragraph. The dominant cognitive work across the remaining four paragraphs is character scene-setting and emotional narrative (the boy's grief over the dead dog, Ántonia's maternal comfort, Anna's practical action). The figurative language is a subordinate feature beneath character portraiture and plot-adjacent action; it is not the sustained primary signal of the passage.",,,,,,v4,rejected_by_filter
figurative_language_failure,242,My Ántonia,"Cather, Willa","Cutter went out behind the hardware store, put up a target, practised for an hour or so, and then went home. At six o’clock that evening, when several men were passing the Cutter house on their way home to supper, they heard a pistol shot. They paused and were looking doubtfully at one another, when another shot came crashing through an upstairs window. They ran into the house and found Wick Cutter lying on a sofa in his upstairs bedroom, with his throat torn open, bleeding on a roll of sheets he had placed beside his head.

‘Walk in, gentlemen,’ he said weakly. ‘I am alive, you see, and competent. You are witnesses that I have survived my wife. You will find her in her own room. Please make your examination at once, so that there will be no mistake.’

One of the neighbours telephoned for a doctor, while the others went into Mrs. Cutter’s room. She was lying on her bed, in her night-gown and wrapper, shot through the heart. Her husband must have come in while she was taking her afternoon nap and shot her, holding the revolver near her breast. Her night-gown was burned from the powder.

The horrified neighbours rushed back to Cutter. He opened his eyes and said distinctly, ‘Mrs. Cutter is quite dead, gentlemen, and I am conscious. My affairs are in order.’ Then, Rudolph said, ‘he let go and died.’

On his desk the coroner found a letter, dated at five o’clock that afternoon. It stated that he had just shot his wife; that any will she might secretly have made would be invalid, as he survived her. He meant to shoot himself at six o’clock and would, if he had strength, fire a shot through the window in the hope that passersby might come in and see him ‘before life was extinct,’ as he wrote.",313,5,false,"Q1 PRESENCE FAIL: The passage contains no metaphor, simile, or figurative comparison language. The prose is entirely literal and reportorial — narrating a murder-suicide through direct action, dialogue, and documented fact. No figurative language devices from the canonical vocabulary are present. The passage fails at the first gate and cannot support ELA.9.R.3.1 metaphor/simile instruction.",,,,,,v4,rejected_by_filter
figurative_language_failure,242,My Ántonia,"Cather, Willa","I found Cuzak a most companionable fellow. He asked me a great many questions about my trip through Bohemia, about Vienna and the Ringstrasse and the theatres.

‘Gee! I like to go back there once, when the boys is big enough to farm the place. Sometimes when I read the papers from the old country, I pretty near run away,’ he confessed with a little laugh. ‘I never did think how I would be a settled man like this.’

He was still, as Ántonia said, a city man. He liked theatres and lighted streets and music and a game of dominoes after the day’s work was over. His sociability was stronger than his acquisitive instinct. He liked to live day by day and night by night, sharing in the excitement of the crowd.—Yet his wife had managed to hold him here on a farm, in one of the loneliest countries in the world.

I could see the little chap, sitting here every evening by the windmill, nursing his pipe and listening to the silence; the wheeze of the pump, the grunting of the pigs, an occasional squawking when the hens were disturbed by a rat. It did rather seem to me that Cuzak had been made the instrument of Ántonia’s special mission. This was a fine life, certainly, but it wasn’t the kind of life he had wanted to live. I wondered whether the life that was right for one was ever right for two!

I asked Cuzak if he didn’t find it hard to do without the gay company he had always been used to. He knocked out his pipe against an upright, sighed, and dropped it into his pocket.",281,5,false,"Q2 dominance failure: The passage contains one notable figurative element ('Cuzak had been made the instrument of Ántonia's special mission' — metaphor implying Cuzak was used as a tool toward her purposes) and mild figurative coloring ('nursing his pipe,' 'listening to the silence'), but these are subordinate signals within a passage dominated by character study, interior observation, and thematic reflection on the tension between individual desire and settled life. The dominant cognitive work the reader is asked to do is character analysis and thematic inference, not metaphor/simile detection and meaning recovery. No sustained simile or metaphor pattern drives the passage.",,,,,,v4,rejected_by_filter
figurative_language_failure,242,My Ántonia,"Cather, Willa","We went all the way in day-coaches, becoming more sticky and grimy with each stage of the journey. Jake bought everything the newsboys offered him: candy, oranges, brass collar buttons, a watch-charm, and for me a ‘Life of Jesse James,’ which I remember as one of the most satisfactory books I have ever read. Beyond Chicago we were under the protection of a friendly passenger conductor, who knew all about the country to which we were going and gave us a great deal of advice in exchange for our confidence. He seemed to us an experienced and worldly man who had been almost everywhere; in his conversation he threw out lightly the names of distant states and cities. He wore the rings and pins and badges of different fraternal orders to which he belonged. Even his cuff-buttons were engraved with hieroglyphics, and he was more inscribed than an Egyptian obelisk.",150,1,true,"Q1: Clear simile present — 'he was more inscribed than an Egyptian obelisk' — using 'more...than' comparative structure. The preceding line about 'hieroglyphics' on his cuff-buttons functions as a metaphor extending the same comparison. Both are canonically nameable. Q2: The dominant cognitive work in the final two sentences is figurative comparison; everything before builds character context but the passage climaxes on the figurative payoff, making figurative language the primary signal. Q3: 'Egyptian obelisk' is a known cultural object (tall stone monument covered in carvings) accessible through universal visual/cultural familiarity — students do not need specialist knowledge; the passage itself primes the image through 'rings and pins and badges' and 'engraved with hieroglyphics,' making the obelisk comparison self-sufficient. The simile's meaning (the man is so covered in symbols and insignia he looks like an ancient inscription-covered monument) is recoverable from the passage alone. Q4: Passage is prose, no drama format, no verse. Vocabulary is manageable; 'hieroglyphics' and 'obelisk' are challenging but contextually anchored. No heavy competing primitives. Q5-5a: Supporting elements ('more inscribed than an Egyptian obelisk,' 'engraved with hieroglyphics') vs. non-supporting literal details ('candy, oranges,' 'names of distant states and cities') provide clear discrimination foils. Q5-5c: The dominant concept is simile/metaphorical comparison and is cleanly nameable with tempting distractors (imagery, characterization, hyperbole). Q5-5d: Identifiable craft pivot — the passage shifts from literal inventory of the man's attributes to a culminating figurative comparison in the final clause, a nameable structural move.",,,,,2,v4,error
figurative_language_failure,242,My Ántonia,"Cather, Willa","Alone, I should never have found the garden—except, perhaps, for the big yellow pumpkins that lay about unprotected by their withering vines—and I felt very little interest in it when I got there. I wanted to walk straight on through the red grass and over the edge of the world, which could not be very far away. The light air about me told me that the world ended here: only the ground and sun and sky were left, and if one went a little farther there would be only sun and sky, and one would float off into them, like the tawny hawks which sailed over our heads making slow shadows on the grass. While grandmother took the pitchfork we found standing in one of the rows and dug potatoes, while I picked them up out of the soft brown earth and put them into the bag, I kept looking up at the hawks that were doing what I might so easily do.",163,1,true,"Q1 PASS: The passage contains a clear, quotable simile ('like the tawny hawks') and an embedded metaphor ('the edge of the world,' 'the world ended here') — both canonically nameable. Q2 PASS: The dominant cognitive work is metaphor and simile. The hawk simile is the structural culmination of the passage's figurative arc; the 'edge of the world' metaphor frames the narrator's longing throughout. Plot action (digging potatoes) is present but clearly subordinate — it functions as a grounding foil against which the figurative language stands out. Q3 PASS: No schema dependency. 'Edge of the world' as a metaphor for boundless open space is universally accessible. The hawk simile is self-contained and self-explaining — the passage tells the reader what the hawks do (sail, float, cast shadows) and then explicitly connects them to the narrator's longing ('doing what I might so easily do'). No period knowledge, institutional knowledge, or literary allusion required. Q4 PASS: Vocabulary is manageable for 9th grade; 'tawny' may be unfamiliar but is resolvable from context (hawks, gold/brown prairie). No syntax overload. One paragraph, single narrative voice. The figurative and literal elements are cleanly separated, making discrimination straightforward. Q5 PASS: Supports 5a (evidence discrimination — 3+ pointable supporting elements, 3+ neutral/literal foils), 5c (discrete concept identification — simile as the dominant device, with metaphor and literal description as distractors), and 5d (structural craft — the passage builds from metaphor through the hawk simile as a closing pivot, identifiable at the sentence level). FLAG 5e: The hawk simile and prairie-edge metaphor pair naturally with other coming-of-age or nature-based figurative language passages for cross-text comparative items.",,,,,2,v4,error
figurative_language_failure,242,My Ántonia,"Cather, Willa","I looked up with interest at the new face in the lantern-light. He might have stepped out of the pages of ‘Jesse James.’ He wore a sombrero hat, with a wide leather band and a bright buckle, and the ends of his moustache were twisted up stiffly, like little horns. He looked lively and ferocious, I thought, and as if he had a history. A long scar ran across one cheek and drew the corner of his mouth up in a sinister curl. The top of his left ear was gone, and his skin was brown as an Indian’s. Surely this was the face of a desperado. As he walked about the platform in his high-heeled boots, looking for our trunks, I saw that he was a rather slight man, quick and wiry, and light on his feet. He told us we had a long night drive ahead of us, and had better be on the hike. He led us to a hitching-bar where two farm-wagons were tied, and I saw the foreign family crowding into one of them. The other was for us. Jake got on the front seat with Otto Fuchs, and I rode on the straw in the bottom of the wagon-box, covered up with a buffalo hide. The immigrants rumbled off into the empty darkness, and we followed them.",223,1,true,"The passage contains three clear, discrete figurative comparisons: a simile using 'like little horns,' a simile using 'brown as an Indian's,' and a metaphor-adjacent comparison 'stepped out of the pages of Jesse James' (implicit simile / hyperbolic comparison). These are the dominant signal — the narrator is constructing the man's dangerous, larger-than-life character through figurative comparison rather than literal statement. Q3 passes because 'Jesse James' is contextualized by the narrative frame as a figure of frontier danger ('stepped out of the pages of' signals a story-character type), and the similes are fully self-contained. Students do not need outside knowledge to parse 'like little horns' or 'brown as an Indian's' as comparisons conveying meaning. Q4: the passage has some descriptive density but the figurative comparisons are discrete and pointable without cognitive overload from other primitives. Q5 5a passes: 3 target-supporting quoted elements plus 3 clearly non-supporting literal/descriptive elements enable a clean evidence discrimination MCQ. Q5 5c passes: the dominant concept — that the author uses simile and comparison to convey the man's ferocious, larger-than-life appearance — is nameable with 3 plausible distractors (literal description, characterization through action, imagery). Note: 'brown as an Indian's' uses a racial comparison that carries period-specific connotation; evaluator flags for content review before deployment in a Title I cohort, though the language does not rise to the level of a slur that would trigger automatic Q4 rejection under the harmful language criterion.",,,,,2,v4,error
figurative_language_failure,242,My Ántonia,"Cather, Willa","I sat down in the middle of the garden, where snakes could scarcely approach unseen, and leaned my back against a warm yellow pumpkin. There were some ground-cherry bushes growing along the furrows, full of fruit. I turned back the papery triangular sheaths that protected the berries and ate a few. All about me giant grasshoppers, twice as big as any I had ever seen, were doing acrobatic feats among the dried vines. The gophers scurried up and down the ploughed ground. There in the sheltered draw-bottom the wind did not blow very hard, but I could hear it singing its humming tune up on the level, and I could see the tall grasses wave. The earth was warm under me, and warm as I crumbled it through my fingers. Queer little red bugs came out and moved in slow squadrons around me. Their backs were polished vermilion, with black spots. I kept as still as I could. Nothing happened. I did not expect anything to happen. I was something that lay under the sun and felt it, like the pumpkins, and I did not want to be anything more. I was entirely happy. Perhaps we feel like that when we die and become a part of something entire, whether it is sun and air, or goodness and knowledge. At any rate, that is happiness; to be dissolved into something complete and great. When it comes to one, it comes as naturally as sleep.",244,1,true,"Strong metaphor and simile presence. Primary targets: simile 'like the pumpkins' (narrator compares himself to an inert natural object, conveying merger with the earth), simile 'as naturally as sleep' (happiness arrives without effort or will), and personification 'singing its humming tune' (wind given a voice). The 'acrobatic feats' for grasshoppers is a mild metaphorical attribution but accessible. All figurative language is self-contained — no schema dependency; any 9th grader can resolve the comparisons from words on the page. Dominance is solid: the passage's central cognitive work is constructing what happiness feels like through comparison rather than assertion. The literal descriptive details (vermilion bug backs, gopher movement, ground-cherry sheaths) provide clean non-supporting foils for 5a discrimination. 5c is constructable around identifying the dominant device (simile) in the 'like the pumpkins' sentence. 5d is supported by the craft pivot from concrete sensory observation in the first half to extended metaphorical abstraction in the second half ('I was something... like the pumpkins... dissolved into something complete and great... as naturally as sleep'), a nameable structural shift from literal to figurative. 5e compatible for cross-text pairing with another passage using simile to convey emotional merger or belonging.",,,,,2,v4,error
figurative_language_failure,242,My Ántonia,"Cather, Willa","We were glad to have her in the house. She was so gay and responsive that one did not mind her heavy, running step, or her clattery way with pans. Grandmother was in high spirits during the weeks that Ántonia worked for us.

All the nights were close and hot during that harvest season. The harvesters slept in the hayloft because it was cooler there than in the house. I used to lie in my bed by the open window, watching the heat lightning play softly along the horizon, or looking up at the gaunt frame of the windmill against the blue night sky. One night there was a beautiful electric storm, though not enough rain fell to damage the cut grain. The men went down to the barn immediately after supper, and when the dishes were washed, Ántonia and I climbed up on the slanting roof of the chicken-house to watch the clouds. The thunder was loud and metallic, like the rattle of sheet iron, and the lightning broke in great zigzags across the heavens, making everything stand out and come close to us for a moment. Half the sky was chequered with black thunderheads, but all the west was luminous and clear: in the lightning flashes it looked like deep blue water, with the sheen of moonlight on it; and the mottled part of the sky was like marble pavement, like the quay of some splendid seacoast city, doomed to destruction. Great warm splashes of rain fell on our upturned faces. One black cloud, no bigger than a little boat, drifted out into the clear space unattended, and kept moving westward. All about us we could hear the felty beat of the raindrops on the soft dust of the farmyard. Grandmother came to the door and said it was late, and we would get wet out there.",309,2,true,"Passage is dense with simile specifically — 'like the rattle of sheet iron,' 'like deep blue water,' 'like marble pavement,' 'no bigger than a little boat' — all self-contained comparisons requiring zero external schema. The thunder/sheet iron simile is particularly teachable: student can verify the comparison (metallic loudness, sharp rattle) from universal sensory experience alone. The sky-as-water and sky-as-marble-pavement similes cluster in a single sentence, enabling structural/craft analysis of stacked simile building cumulative effect. Simile dominates; narrative and setting are present but clearly subordinate to the figurative density. Non-supporting elements are plain declarative action sentences that provide strong foils for evidence discrimination. 5e flagged: strong pairing candidate for other nature-description passages using simile (e.g., London, Steinbeck) to compare how simile builds place.",,,,,2,v4,error
figurative_language_failure,242,My Ántonia,"Cather, Willa","I lay awake for a long while, until the slow-moving moon passed my window on its way up the heavens. I was thinking about Ántonia and her children; about Anna’s solicitude for her, Ambrosch’s grave affection, Leo’s jealous, animal little love. That moment, when they all came tumbling out of the cave into the light, was a sight any man might have come far to see. Ántonia had always been one to leave images in the mind that did not fade—that grew stronger with time. In my memory there was a succession of such pictures, fixed there like the old woodcuts of one’s first primer: Ántonia kicking her bare legs against the sides of my pony when we came home in triumph with our snake; Ántonia in her black shawl and fur cap, as she stood by her father’s grave in the snowstorm; Ántonia coming in with her work-team along the evening sky-line. She lent herself to immemorial human attitudes which we recognize by instinct as universal and true. I had not been mistaken. She was a battered woman now, not a lovely girl; but she still had that something which fires the imagination, could still stop one’s breath for a moment by a look or gesture that somehow revealed the meaning in common things. She had only to stand in the orchard, to put her hand on a little crab tree and look up at the apples, to make you feel the goodness of planting and tending and harvesting at last. All the strong things of her heart came out in her body, that had been so tireless in serving generous emotions.

It was no wonder that her sons stood tall and straight. She was a rich mine of life, like the founders of early races.",297,2,true,"Two clean, quotable similes anchor the target skill: 'fixed there like the old woodcuts of one's first primer' (comparing persistent memories to durable printed images) and 'She was a rich mine of life, like the founders of early races' (comparing Ántonia's vitality to an inexhaustible source). Both are self-contained — no schema required to read either comparison. The embedded metaphor 'All the strong things of her heart came out in her body' is also pointable as figurative. Q2 dominance holds: while there is descriptive and emotional content, the primary craft work the reader is asked to process is the figurative characterization of Ántonia through comparison. Q3 passes cleanly — 'woodcuts of one's first primer' may be period-flavored but is resolvable from context (pictures in an early book = lasting, clear images), and 'rich mine of life' needs no outside schema. Q4: vocabulary density is manageable for 9th grade with minor scaffolding; no severe syntax barrier. Q5 supports 5a (two target-supporting similes vs. multiple neutral descriptive details), 5c (student can name the dominant device as simile/metaphor with three plausible distractors — imagery, personification, symbolism), and 5d (identifiable craft pivot at final sentence where extended simile closes the passage as a structural capstone). 5e flagged for cross-text pairing with another Cather passage or a passage using simile to characterize a person.",,,,,2,v4,error
figurative_language_failure,160,"The Awakening, and Selected Short Stories","Chopin, Kate","Edna, left alone in the little side room, loosened her clothes, removing the greater part of them. She bathed her face, her neck and arms in the basin that stood between the windows. She took off her shoes and stockings and stretched herself in the very center of the high, white bed. How luxurious it felt to rest thus in a strange, quaint bed, with its sweet country odor of laurel lingering about the sheets and mattress! She stretched her strong limbs that ached a little. She ran her fingers through her loosened hair for a while. She looked at her round arms as she held them straight up and rubbed them one after the other, observing closely, as if it were something she saw for the first time, the fine, firm quality and texture of her flesh. She clasped her hands easily above her head, and it was thus she fell asleep.",153,1,false,"Q1 PRESENCE FAIL: The passage contains no meaningful figurative language signal — no metaphor, simile, personification, hyperbole, symbolism, or idiom is present. The language is almost entirely literal and sensory-descriptive: Edna removes clothes, bathes, stretches on a bed, examines her arms, falls asleep. The phrase 'sweet country odor of laurel' carries mild sensory imagery but is literal description, not figurative language. The phrase 'observing closely, as if it were something she saw for the first time' is a simile-adjacent construction but functions as a literal qualifier on her attention rather than a comparison that conveys non-literal meaning — it describes her psychological state directly, not figuratively. No element requires the student to recover meaning that is not said literally. The target skill signal (ELA.9.R.3.1 metaphor/simile) is absent or so weak as to be non-teachable.",,,,,,v4,rejected_by_filter
figurative_language_failure,160,"The Awakening, and Selected Short Stories","Chopin, Kate","When Edna awoke it was with the conviction that she had slept long and soundly. The voices were hushed under the shed. Madame Antoine’s step was no longer to be heard in the adjoining room. Even the chickens had gone elsewhere to scratch and cluck. The mosquito bar was drawn over her; the old woman had come in while she slept and let down the bar. Edna arose quietly from the bed, and looking between the curtains of the window, she saw by the slanting rays of the sun that the afternoon was far advanced. Robert was out there under the shed, reclining in the shade against the sloping keel of the overturned boat. He was reading from a book. Tonie was no longer with him. She wondered what had become of the rest of the party. She peeped out at him two or three times as she stood washing herself in the little basin between the windows.",158,1,false,"Q1 FAIL: The passage contains no detectable metaphor, simile, or figurative language signal. Language throughout is literal and descriptive — 'slanting rays of the sun,' 'reclining in the shade against the sloping keel,' 'peeped out at him' — these are concrete, denotative descriptions with no comparison without literal intent, no figurative vehicle or tenor, no device from the canonical vocabulary list. There is nothing for a student to identify as figurative rather than literal, and nothing to recover meaning from that was not said directly.",,,,,,v4,rejected_by_filter
figurative_language_failure,160,"The Awakening, and Selected Short Stories","Chopin, Kate","It did not strike her as in the least grotesque that she should be making of Robert the object of conversation and leading her husband to speak of him. The sentiment which she entertained for Robert in no way resembled that which she felt for her husband, or had ever felt, or ever expected to feel. She had all her life long been accustomed to harbor thoughts and emotions which never voiced themselves. They had never taken the form of struggles. They belonged to her and were her own, and she entertained the conviction that she had a right to them and that they concerned no one but herself. Edna had once told Madame Ratignolle that she would never sacrifice herself for her children, or for any one. Then had followed a rather heated argument; the two women did not appear to understand each other or to be talking the same language. Edna tried to appease her friend, to explain.",160,1,false,"Q1 FAIL: The passage contains no meaningful figurative language signal — no metaphor, simile, personification, hyperbole, symbolism, or idiom is present. The phrase 'not appear to be talking the same language' is a mild idiomatic expression, but it is used almost literally (they genuinely could not understand each other conceptually) and is too thin to anchor a figurative language lesson. The passage is written in plain, psychologically direct prose describing Edna's inner emotional life and a conversational disagreement. The target skill for ELA.9.R.3.1 (metaphor and simile) is entirely absent.",,,,,,v4,rejected_by_filter
figurative_language_failure,160,"The Awakening, and Selected Short Stories","Chopin, Kate","It was a large, beautiful room, rich and picturesque in the soft, dim light which the maid had turned low. She went and stood at an open window and looked out upon the deep tangle of the garden below. All the mystery and witchery of the night seemed to have gathered there amid the perfumes and the dusky and tortuous outlines of flowers and foliage. She was seeking herself and finding herself in just such sweet, half-darkness which met her moods. But the voices were not soothing that came to her from the darkness and the sky above and the stars. They jeered and sounded mournful notes without promise, devoid even of hope. She turned back into the room and began to walk to and fro down its whole length without stopping, without resting. She carried in her hands a thin handkerchief, which she tore into ribbons, rolled into a ball, and flung from her. Once she stopped, and taking off her wedding ring, flung it upon the carpet. When she saw it lying there, she stamped her heel upon it, striving to crush it. But her small boot heel did not make an indenture, not a mark upon the little glittering circlet.",203,1,false,"Q2 dominance fail: The passage contains figurative/metaphorical language ('All the mystery and witchery of the night seemed to have gathered there,' 'the voices were not soothing that came to her from the darkness'), but these are subordinate to a dense tangle of competing signals — symbolism (wedding ring as symbol of marriage/entrapment), imagery (garden, darkness, perfumes), character interiority/emotional action (tearing handkerchief, stamping on ring), and personification ('voices jeered'). No clean metaphor or simile pair is isolated as the dominant cognitive work. Q4 isolation fail: The passage is cognitively overloaded with multiple competing primitives simultaneously — symbolism, personification, imagery, interiority — making it difficult to isolate the metaphor/simile strand as the target skill for a Title I 9th grader. The wedding ring stamping scene especially pulls cognitive load toward symbolic action rather than figurative language detection.",,,,,,v4,rejected_by_filter
figurative_language_failure,160,"The Awakening, and Selected Short Stories","Chopin, Kate","It was during such a mood that Edna hunted up Mademoiselle Reisz. She had not forgotten the rather disagreeable impression left upon her by their last interview; but she nevertheless felt a desire to see her—above all, to listen while she played upon the piano. Quite early in the afternoon she started upon her quest for the pianist. Unfortunately she had mislaid or lost Mademoiselle Reisz’s card, and looking up her address in the city directory, she found that the woman lived on Bienville Street, some distance away. The directory which fell into her hands was a year or more old, however, and upon reaching the number indicated, Edna discovered that the house was occupied by a respectable family of mulattoes who had _chambres garnies_ to let. They had been living there for six months, and knew absolutely nothing of a Mademoiselle Reisz. In fact, they knew nothing of any of their neighbors; their lodgers were all people of the highest distinction, they assured Edna. She did not linger to discuss class distinctions with Madame Pouponne, but hastened to a neighboring grocery store, feeling sure that Mademoiselle would have left her address with the proprietor.",195,1,false,"Q1 FAIL: No metaphor or simile signal is present in this passage. The language is predominantly literal and narrative — Edna searches for an address, discovers the house has changed occupants, hears about lodgers, and moves on to a grocery store. There is no comparison using 'like' or 'as,' no implicit equation of two unlike things, no figurative construction of any kind that would require the student to recover a non-literal meaning. The passage is plain expository prose narrating a sequence of plot actions.",,,,,,v4,rejected_by_filter
figurative_language_failure,160,"The Awakening, and Selected Short Stories","Chopin, Kate","But a man needed occasional relaxation, he informed Mrs. Pontellier, and every now and again he drummed up a pretext to bring him to the city. My! but he had had a time of it the evening before! He wouldn’t want his mother to know, and he began to talk in a whisper. He was scintillant with recollections. Of course, he couldn’t think of telling Mrs. Pontellier all about it, she being a woman and not comprehending such things. But it all began with a girl peeping and smiling at him through the shutters as he passed by. Oh! but she was a beauty! Certainly he smiled back, and went up and talked to her. Mrs. Pontellier did not know him if she supposed he was one to let an opportunity like that escape him. Despite herself, the youngster amused her. She must have betrayed in her look some degree of interest or entertainment. The boy grew more daring, and Mrs. Pontellier might have found herself, in a little while, listening to a highly colored story but for the timely appearance of Madame Lebrun.",184,1,false,"Q1 FAIL: The passage contains no meaningful metaphor or simile signal. The only quasi-figurative phrase is 'He was scintillant with recollections' and 'a highly colored story,' but these are minor diction choices embedded in a social narrative scene, not teachable comparisons. The dominant cognitive work is character interaction, social irony, and implied gender dynamics — not figurative language and certainly not metaphor/simile as the ELA.9.R.3.1 strand requires.",,,,,,v4,rejected_by_filter
figurative_language_failure,160,"The Awakening, and Selected Short Stories","Chopin, Kate","Some people contended that the reason Mademoiselle Reisz always chose apartments up under the roof was to discourage the approach of beggars, peddlars and callers. There were plenty of windows in her little front room. They were for the most part dingy, but as they were nearly always open it did not make so much difference. They often admitted into the room a good deal of smoke and soot; but at the same time all the light and air that there was came through them. From her windows could be seen the crescent of the river, the masts of ships and the big chimneys of the Mississippi steamers. A magnificent piano crowded the apartment. In the next room she slept, and in the third and last she harbored a gasoline stove on which she cooked her meals when disinclined to descend to the neighboring restaurant. It was there also that she ate, keeping her belongings in a rare old buffet, dingy and battered from a hundred years of use.",169,1,false,"Q1 FAIL: The passage contains no meaningful metaphor or simile signal. The language is predominantly literal and descriptive — windows, smoke, soot, piano, stove, buffet are described directly with no figurative comparison. The phrase 'dingy and battered from a hundred years of use' is literal description. No comparison using 'like' or 'as,' no metaphor attributing a non-literal identity, no figurative meaning requiring recovery. The target skill strand (ELA.9.R.3.1 / metaphor and simile) is simply absent.",,,,,,v4,rejected_by_filter
figurative_language_failure,160,"The Awakening, and Selected Short Stories","Chopin, Kate","When Doctor Mandelet dined with the Pontelliers on Thursday he could discern in Mrs. Pontellier no trace of that morbid condition which her husband had reported to him. She was excited and in a manner radiant. She and her father had been to the race course, and their thoughts when they seated themselves at table were still occupied with the events of the afternoon, and their talk was still of the track. The Doctor had not kept pace with turf affairs. He had certain recollections of racing in what he called “the good old times” when the Lecompte stables flourished, and he drew upon this fund of memories so that he might not be left out and seem wholly devoid of the modern spirit. But he failed to impose upon the Colonel, and was even far from impressing him with this trumped-up knowledge of bygone days. Edna had staked her father on his last venture, with the most gratifying results to both of them. Besides, they had met some very charming people, according to the Colonel’s impressions. Mrs. Mortimer Merriman and Mrs. James Highcamp, who were there with Alcée Arobin, had joined them and had enlivened the hours in a fashion that warmed him to think of.",207,1,false,"Q1 FAIL: The passage contains no meaningful figurative language targeting metaphor or simile. The language is predominantly literal and narrative — describing a dinner scene, racing recollections, and social encounters. The phrase 'she was excited and in a manner radiant' is the closest to figurative usage but functions as mild descriptive diction rather than a developed metaphor or simile. 'Had not kept pace with turf affairs' is a faint idiom but is not metaphor/simile and is barely salient. No comparison using 'like' or 'as,' no developed metaphor, no simile is present. The passage fails Q1 for the standard-first focus strand ELA.9.R.3.1.",,,,,,v4,rejected_by_filter
figurative_language_failure,160,"The Awakening, and Selected Short Stories","Chopin, Kate","When Edna was at last alone, she breathed a big, genuine sigh of relief. A feeling that was unfamiliar but very delicious came over her. She walked all through the house, from one room to another, as if inspecting it for the first time. She tried the various chairs and lounges, as if she had never sat and reclined upon them before. And she perambulated around the outside of the house, investigating, looking to see if windows and shutters were secure and in order. The flowers were like new acquaintances; she approached them in a familiar spirit, and made herself at home among them. The garden walks were damp, and Edna called to the maid to bring out her rubber sandals. And there she stayed, and stooped, digging around the plants, trimming, picking dead, dry leaves. The children’s little dog came out, interfering, getting in her way. She scolded him, laughed at him, played with him. The garden smelled so good and looked so pretty in the afternoon sunlight. Edna plucked all the bright flowers she could find, and went into the house with them, she and the little dog.",190,1,false,"Q2 dominance fail: the single simile ('The flowers were like new acquaintances') is present but subordinate to the dominant signal of character action, sensory description, and emotional mood. The passage is primarily a behavioral/atmospheric sketch of Edna moving freely through her home and garden; figurative language is a minor accent, not the primary cognitive work.",,,,,,v4,rejected_by_filter
figurative_language_failure,160,"The Awakening, and Selected Short Stories","Chopin, Kate","She went again to the races, and again. Alcée Arobin and Mrs. Highcamp called for her one bright afternoon in Arobin’s drag. Mrs. Highcamp was a worldly but unaffected, intelligent, slim, tall blonde woman in the forties, with an indifferent manner and blue eyes that stared. She had a daughter who served her as a pretext for cultivating the society of young men of fashion. Alcée Arobin was one of them. He was a familiar figure at the race course, the opera, the fashionable clubs. There was a perpetual smile in his eyes, which seldom failed to awaken a corresponding cheerfulness in any one who looked into them and listened to his good-humored voice. His manner was quiet, and at times a little insolent. He possessed a good figure, a pleasing face, not overburdened with depth of thought or feeling; and his dress was that of the conventional man of fashion.",151,1,false,"Q1 fail: The passage contains no meaningful metaphor or simile signal. The language is predominantly literal and descriptive — character introductions, social context, and physical/behavioral traits. The phrase 'a perpetual smile in his eyes' approaches figurative territory but functions as conventional social description rather than a teachable metaphor or simile requiring meaning construction. No comparison using 'like' or 'as,' no extended metaphor, no figurative language that requires a student to recover non-literal meaning. The target skill signal is absent.",,,,,,v4,rejected_by_filter
figurative_language_failure,160,"The Awakening, and Selected Short Stories","Chopin, Kate","The dinner was quiet and uninteresting, save for the cheerful efforts of Arobin to enliven things. Mrs. Highcamp deplored the absence of her daughter from the races, and tried to convey to her what she had missed by going to the “Dante reading” instead of joining them. The girl held a geranium leaf up to her nose and said nothing, but looked knowing and noncommittal. Mr. Highcamp was a plain, bald-headed man, who only talked under compulsion. He was unresponsive. Mrs. Highcamp was full of delicate courtesy and consideration toward her husband. She addressed most of her conversation to him at table. They sat in the library after dinner and read the evening papers together under the droplight; while the younger people went into the drawing-room near by and talked. Miss Highcamp played some selections from Grieg upon the piano. She seemed to have apprehended all of the composer’s coldness and none of his poetry. While Edna listened she could not help wondering if she had lost her taste for music.",171,1,false,"Q1 PRESENCE FAIL: The passage contains no meaningful metaphor or simile. The one phrase with figurative potential — 'apprehended all of the composer's coldness and none of his poetry' — uses 'coldness' and 'poetry' as abstract quality descriptors (coldness = emotional detachment in musical style; poetry = lyrical warmth), but these are so conventionally literal in the domain of music criticism that they do not function as teachable metaphor or simile. There is no comparison using 'like' or 'as,' no explicit metaphor, and no figurative device that would require a student to recover a non-literal meaning. The dominant signal is social irony and character observation (Mrs. Highcamp's performative courtesy toward her husband reads as ironic, but this is tonal/situational, not figurative language). Q2 also fails: even if the faint figurative quality of 'coldness/poetry' were credited, it is deeply subordinate to character sketch and social atmosphere — not the dominant cognitive work.",,,,,,v4,rejected_by_filter
figurative_language_failure,160,"The Awakening, and Selected Short Stories","Chopin, Kate","Alcée Arobin wrote Edna an elaborate note of apology, palpitant with sincerity. It embarrassed her; for in a cooler, quieter moment it appeared to her absurd that she should have taken his action so seriously, so dramatically. She felt sure that the significance of the whole occurrence had lain in her own self-consciousness. If she ignored his note it would give undue importance to a trivial affair. If she replied to it in a serious spirit it would still leave in his mind the impression that she had in a susceptible moment yielded to his influence. After all, it was no great matter to have one’s hand kissed. She was provoked at his having written the apology. She answered in as light and bantering a spirit as she fancied it deserved, and said she would be glad to have him look in upon her at work whenever he felt the inclination and his business gave him the opportunity.",158,1,false,"Q1 failure: The passage contains no meaningful metaphor or simile signals. The one potentially figurative phrase — 'palpitant with sincerity' — is an unusual diction choice but not a metaphor or simile construction. The passage is dominated by interior rationalization and social tone, not figurative comparison language. No ELA.9.R.3.1 harvest signal is present.",,,,,,v4,rejected_by_filter
figurative_language_failure,160,"The Awakening, and Selected Short Stories","Chopin, Kate","Edna cried a little that night after Arobin left her. It was only one phase of the multitudinous emotions which had assailed her. There was with her an overwhelming feeling of irresponsibility. There was the shock of the unexpected and the unaccustomed. There was her husband’s reproach looking at her from the external things around her which he had provided for her external existence. There was Robert’s reproach making itself felt by a quicker, fiercer, more overpowering love, which had awakened within her toward him. Above all, there was understanding. She felt as if a mist had been lifted from her eyes, enabling her to look upon and comprehend the significance of life, that monster made up of beauty and brutality. But among the conflicting sensations which assailed her, there was neither shame nor remorse. There was a dull pang of regret because it was not the kiss of love which had inflamed her, because it was not love which had held this cup of life to her lips.",169,1,false,"Q2 dominance failure: figurative language is present but subordinate to interior emotional state and psychological conflict. The dominant cognitive work is tracking Edna's emotional landscape — shame vs. regret, love vs. responsibility — not recovering meaning from metaphor or simile. Q4 isolation failure: multiple figurative and abstract elements compete simultaneously (mist simile, 'monster made up of beauty and brutality' metaphor, 'cup of life' metaphor, personified 'reproach'), creating cognitive overload that disperses rather than isolates the target metaphor/simile signal. No single comparison dominates cleanly enough for a Title I 9th grader to do focused work on ELA.9.R.3.1.",,,,,,v4,rejected_by_filter
figurative_language_failure,160,"The Awakening, and Selected Short Stories","Chopin, Kate","There were Mr. and Mrs. Merriman, a pretty, vivacious little woman in the thirties; her husband, a jovial fellow, something of a shallow-pate, who laughed a good deal at other people’s witticisms, and had thereby made himself extremely popular. Mrs. Highcamp had accompanied them. Of course, there was Alcée Arobin; and Mademoiselle Reisz had consented to come. Edna had sent her a fresh bunch of violets with black lace trimmings for her hair. Monsieur Ratignolle brought himself and his wife’s excuses. Victor Lebrun, who happened to be in the city, bent upon relaxation, had accepted with alacrity. There was a Miss Mayblunt, no longer in her teens, who looked at the world through lorgnettes and with the keenest interest. It was thought and said that she was intellectual; it was suspected of her that she wrote under a _nom de guerre_. She had come with a gentleman by the name of Gouvernail, connected with one of the daily papers, of whom nothing special could be said, except that he was observant and seemed quiet and inoffensive. Edna herself made the tenth, and at half-past eight they seated themselves at table, Arobin and Monsieur Ratignolle on either side of their hostess.",200,1,false,"Q1 FAIL: The passage contains no meaningful metaphor or simile signals. The language is predominantly literal and descriptive — a social roster of dinner guests with brief character sketches. The phrase 'shallow-pate' is a mild idiomatic characterization, not a developed metaphor or simile. There is no figurative comparison using 'like' or 'as,' no sustained metaphor, and no figurative language that requires a student to recover meaning the author withheld by not speaking literally. The target skill strand (ELA.9.R.3.1 / Metaphor and simile) is simply not present.",,,,,,v4,rejected_by_filter
figurative_language_failure,160,"The Awakening, and Selected Short Stories","Chopin, Kate","She went with them herself to see the pigs and the cows, to look at the darkies laying the cane, to thrash the pecan trees, and catch fish in the back lake. She lived with them a whole week long, giving them all of herself, and gathering and filling herself with their young existence. They listened, breathless, when she told them the house in Esplanade Street was crowded with workmen, hammering, nailing, sawing, and filling the place with clatter. They wanted to know where their bed was; what had been done with their rocking-horse; and where did Joe sleep, and where had Ellen gone, and the cook? But, above all, they were fired with a desire to see the little house around the block. Was there any place to play? Were there any boys next door? Raoul, with pessimistic foreboding, was convinced that there were only girls next door. Where would they sleep, and where would papa sleep? She told them the fairies would fix it all right.",168,1,false,"Q2 dominance fail: The single figurative element ('the fairies would fix it all right') is a minor closing idiom/soft metaphor buried beneath dominant narrative action — a mother visiting her children, their questions about a move, everyday domestic detail. Figurative language is not the primary cognitive work the passage demands; plot/scene description dominates. Additionally, Q5 fails: only one pointable target-supporting element exists ('the fairies would fix it all right'), with no second discrete figurative element to build discrimination against. The passage cannot support any viable item pattern requiring at least 2 target-supporting evidence elements.",,,,,,v4,rejected_by_filter
figurative_language_failure,160,"The Awakening, and Selected Short Stories","Chopin, Kate","She let herself in at the gate, but instead of entering she sat upon the step of the porch. The night was quiet and soothing. All the tearing emotion of the last few hours seemed to fall away from her like a somber, uncomfortable garment, which she had but to loosen to be rid of. She went back to that hour before Adèle had sent for her; and her senses kindled afresh in thinking of Robert’s words, the pressure of his arms, and the feeling of his lips upon her own. She could picture at that moment no greater bliss on earth than possession of the beloved one. His expression of love had already given him to her in part. When she thought that he was there at hand, waiting for her, she grew numb with the intoxication of expectancy. It was so late; he would be asleep perhaps. She would awaken him with a kiss. She hoped he would be asleep that she might arouse him with her caresses.",170,1,false,"Q2 dominance failure: the one clear simile ('like a somber, uncomfortable garment') is present but subordinate to the dominant signal of sensory/emotional interior experience and romantic anticipation. The passage's primary cognitive work is tracking the character's emotional and physical longing — the figurative comparison is a single decorative phrase within a larger stream of literal emotional narration. Additionally, Q5 fails: only one pointable target-supporting element (the garment simile) exists; the remaining passage is literal interior monologue, insufficient for evidence discrimination or multi-select item construction.",,,,,,v4,rejected_by_filter
figurative_language_failure,160,"The Awakening, and Selected Short Stories","Chopin, Kate","The room holds a number of guests. There is old Monsieur Lucien Santien, leaning against one of the pillars, and laughing at something which Monsieur Lafirme is telling him, till his fat shoulders shake. His son Jules is with him—Jules, who wants to marry her. She laughs. She wonders if Félix has told her father yet. There is young Jérôme Lafirme playing at checkers upon the sofa with Léandre. Little Pauline stands annoying them and disturbing the game. Léandre reproves her. She begins to cry, and old black Clementine, her nurse, who is not far off, limps across the room to pick her up and carry her away. How sensitive the little one is! But she trots about and takes care of herself better than she did a year or two ago, when she fell upon the stone hall floor and raised a great “bo-bo” on her forehead. Pélagie was hurt and angry enough about it; and she ordered rugs and buffalo robes to be brought and laid thick upon the tiles, till the little one’s steps were surer.",179,1,false,"Q1 FAIL: The passage contains no metaphor, simile, or figurative comparison language. The passage is purely descriptive and narrative — it depicts a room full of guests, social interactions, a child crying, and a nurse responding. There are no comparisons using 'like' or 'as,' no metaphors mapping one concept onto another, no figurative devices from the canonical vocabulary list that serve as the target skill signal for ELA.9.R.3.1. The language is entirely literal and observational.",,,,,,v4,rejected_by_filter
figurative_language_failure,160,"The Awakening, and Selected Short Stories","Chopin, Kate","Edna was on her way to Madame Ratignolle’s. Their intimacy, begun at Grand Isle, had not declined, and they had seen each other with some frequency since their return to the city. The Ratignolles lived at no great distance from Edna’s home, on the corner of a side street, where Monsieur Ratignolle owned and conducted a drug store which enjoyed a steady and prosperous trade. His father had been in the business before him, and Monsieur Ratignolle stood well in the community and bore an enviable reputation for integrity and clearheadedness. His family lived in commodious apartments over the store, having an entrance on the side within the _porte cochère_. There was something which Edna thought very French, very foreign, about their whole manner of living. In the large and pleasant salon which extended across the width of the house, the Ratignolles entertained their friends once a fortnight with a _soirée musicale_, sometimes diversified by card-playing. There was a friend who played upon the cello. One brought his flute and another his violin, while there were some who sang and a number who performed upon the piano with various degrees of taste and agility. The Ratignolles’ _soirées musicales_ were widely known, and it was considered a privilege to be invited to them.",212,1,false,"Q1 FAIL: The passage contains no metaphor, simile, or figurative language of any kind. It is entirely expository/descriptive prose presenting literal social and biographical information about the Ratignolle household. No comparison using 'like' or 'as,' no metaphoric substitution, no figurative device is present. There is nothing to detect or interpret as non-literal language. The target skill signal for ELA.9.R.3.1 (metaphor and simile) is entirely absent.",,,,,,v4,rejected_by_filter
figurative_language_failure,160,"The Awakening, and Selected Short Stories","Chopin, Kate","He had come to purchase a wedding gift for his daughter, Janet, and an outfit for himself in which he might make a creditable appearance at her marriage. Mr. Pontellier had selected the bridal gift, as every one immediately connected with him always deferred to his taste in such matters. And his suggestions on the question of dress—which too often assumes the nature of a problem—were of inestimable value to his father-in-law. But for the past few days the old gentleman had been upon Edna’s hands, and in his society she was becoming acquainted with a new set of sensations. He had been a colonel in the Confederate army, and still maintained, with the title, the military bearing which had always accompanied it. His hair and mustache were white and silky, emphasizing the rugged bronze of his face. He was tall and thin, and wore his coats padded, which gave a fictitious breadth and depth to his shoulders and chest. Edna and her father looked very distinguished together, and excited a good deal of notice during their perambulations. Upon his arrival she began by introducing him to her atelier and making a sketch of him. He took the whole matter very seriously. If her talent had been ten-fold greater than it was, it would not have surprised him, convinced as he was that he had bequeathed to all of his daughters the germs of a masterful capability, which only depended upon their own efforts to be directed toward successful achievement.",250,1,false,"Q1 FAIL: The passage contains no meaningful metaphor or simile signals. All descriptive language is literal or near-literal. 'Rugged bronze of his face' is a mild color comparison but functions as physical description rather than a teachable figurative construction. 'Germs of a masterful capability' is a weak metaphor buried in subordinate clause. No simile construction (like/as comparisons with figurative intent) is present. The dominant cognitive work is character description and social observation, not figurative language.",,,,,,v4,rejected_by_filter
figurative_language_failure,160,"The Awakening, and Selected Short Stories","Chopin, Kate","The Colonel, with little sense of humor and of the fitness of things, related a somber episode of those dark and bitter days, in which he had acted a conspicuous part and always formed a central figure. Nor was the Doctor happier in his selection, when he told the old, ever new and curious story of the waning of a woman’s love, seeking strange, new channels, only to return to its legitimate source after days of fierce unrest. It was one of the many little human documents which had been unfolded to him during his long career as a physician. The story did not seem especially to impress Edna. She had one of her own to tell, of a woman who paddled away with her lover one night in a pirogue and never came back. They were lost amid the Baratarian Islands, and no one ever heard of them or found trace of them from that day to this. It was a pure invention. She said that Madame Antoine had related it to her. That, also, was an invention. Perhaps it was a dream she had had. But every glowing word seemed real to those who listened. They could feel the hot breath of the Southern night; they could hear the long sweep of the pirogue through the glistening moonlit water, the beating of birds’ wings, rising startled from among the reeds in the salt-water pools; they could see the faces of the lovers, pale, close together, rapt in oblivious forgetfulness, drifting into the unknown.",255,1,false,"Q2_DOMINANCE: The passage's dominant cognitive work is sensory imagery and narrative atmosphere, not metaphor or simile. The figurative language present ('hot breath of the Southern night,' 'glistening moonlit water,' 'drifting into the unknown') functions primarily as immersive imagery rather than as comparison-based figurative language. There are no explicit similes (like/as comparisons) and the metaphorical elements are embedded within a larger atmospheric-narrative move. The target skill strand (ELA.9.R.3.1 metaphor and simile) is subordinate to imagery and mood as the dominant signal.",,,,,,v4,rejected_by_filter
figurative_language_failure,160,"The Awakening, and Selected Short Stories","Chopin, Kate","The morning was full of sunlight and hope. Edna could see before her no denial—only the promise of excessive joy. She lay in bed awake, with bright eyes full of speculation. “He loves you, poor fool.” If she could but get that conviction firmly fixed in her mind, what mattered about the rest? She felt she had been childish and unwise the night before in giving herself over to despondency. She recapitulated the motives which no doubt explained Robert’s reserve. They were not insurmountable; they would not hold if he really loved her; they could not hold against her own passion, which he must come to realize in time. She pictured him going to his business that morning. She even saw how he was dressed; how he walked down one street, and turned the corner of another; saw him bending over his desk, talking to people who entered the office, going to his lunch, and perhaps watching for her on the street. He would come to her in the afternoon or evening, sit and roll his cigarette, talk a little, and go away as he had done the night before. But how delicious it would be to have him there with her! She would have no regrets, nor seek to penetrate his reserve if he still chose to wear it.",220,1,false,"Q1 FAIL: The passage does not contain sufficient figurative language — specifically metaphor or simile — to serve as the target skill signal. The language is predominantly literal and psychological: Edna's thoughts, her mental picturing of Robert, her emotional reconsideration. The one candidate phrase, 'if he still chose to wear it' (referring to Robert's reserve as something wearable), is a very faint embedded metaphor that is subordinated beneath layers of interior monologue and narrative description. There is no clear, teachable simile or metaphor that a 9th grader could point to and construct meaning from. Q2 FAIL follows directly: even if the faint 'wear it' metaphor is credited, it is entirely dominated by the interior thought/character emotion primitive, which is the overwhelming signal of the passage.",,,,,,v4,rejected_by_filter
figurative_language_failure,160,"The Awakening, and Selected Short Stories","Chopin, Kate","Victor, with hammer and nails and scraps of scantling, was patching a corner of one of the galleries. Mariequita sat near by, dangling her legs, watching him work, and handing him nails from the tool-box. The sun was beating down upon them. The girl had covered her head with her apron folded into a square pad. They had been talking for an hour or more. She was never tired of hearing Victor describe the dinner at Mrs. Pontellier’s. He exaggerated every detail, making it appear a veritable Lucullean feast. The flowers were in tubs, he said. The champagne was quaffed from huge golden goblets. Venus rising from the foam could have presented no more entrancing a spectacle than Mrs. Pontellier, blazing with beauty and diamonds at the head of the board, while the other women were all of them youthful houris, possessed of incomparable charms. She got it into her head that Victor was in love with Mrs. Pontellier, and he gave her evasive answers, framed so as to confirm her belief. She grew sullen and cried a little, threatening to go off and leave him to his fine ladies. There were a dozen men crazy about her at the _Chênière;_ and since it was the fashion to be in love with married people, why, she could run away any time she liked to New Orleans with Célina’s husband.",229,1,false,"Q2 dominance failure: the figurative language (simile 'Venus rising from the foam could have presented no more entrancing a spectacle than Mrs. Pontellier' and hyperbolic exaggeration) is embedded within a narrative scene dominated by character interaction, jealousy, and social dynamics. The primary cognitive work the reader is asked to do is tracking Victor's exaggeration as a social performance and Mariequita's jealous reaction — not recovering metaphor/simile meaning. The simile comparing Mrs. Pontellier to Venus is present but functions as flavor within the plot action rather than as the dominant signal. Q4 also flagged: the passage layers several competing elements — social comedy, irony about Victor's manipulation, cultural references (Lucullean, Venus, houris) — that create cognitive overload for a Title I 9th grader trying to isolate and work the simile signal. 'Lucullean feast' and 'houris' require outside knowledge not supplied in the passage, creating schema-gated vocabulary barriers.",,,,,,v4,rejected_by_filter
figurative_language_failure,160,"The Awakening, and Selected Short Stories","Chopin, Kate","A little girl performed a skirt dance in the center of the floor. The mother played her accompaniments and at the same time watched her daughter with greedy admiration and nervous apprehension. She need have had no apprehension. The child was mistress of the situation. She had been properly dressed for the occasion in black tulle and black silk tights. Her little neck and arms were bare, and her hair, artificially crimped, stood out like fluffy black plumes over her head. Her poses were full of grace, and her little black-shod toes twinkled as they shot out and upward with a rapidity and suddenness which were bewildering.

But there was no reason why every one should not dance. Madame Ratignolle could not, so it was she who gaily consented to play for the others. She played very well, keeping excellent waltz time and infusing an expression into the strains which was indeed inspiring. She was keeping up her music on account of the children, she said; because she and her husband both considered it a means of brightening the home and making it attractive.",184,2,false,"Q1 PRESENCE FAIL: The passage contains only one weak figurative element ('stood out like fluffy black plumes') — a simile comparing crimped hair to plumes. This single comparison is buried within dense descriptive prose and does not constitute a teachable concentration of metaphor/simile signal. No other metaphor or simile is present. The dominant cognitive work of the passage is scene description and character observation, not figurative language construction.",,,,,,v4,rejected_by_filter
figurative_language_failure,160,"The Awakening, and Selected Short Stories","Chopin, Kate","The ice-cream was passed around with cake—gold and silver cake arranged on platters in alternate slices; it had been made and frozen during the afternoon back of the kitchen by two black women, under the supervision of Victor. It was pronounced a great success—excellent if it had only contained a little less vanilla or a little more sugar, if it had been frozen a degree harder, and if the salt might have been kept out of portions of it. Victor was proud of his achievement, and went about recommending it and urging every one to partake of it to excess.

After Mrs. Pontellier had danced twice with her husband, once with Robert, and once with Monsieur Ratignolle, who was thin and tall and swayed like a reed in the wind when he danced, she went out on the gallery and seated herself on the low window-sill, where she commanded a view of all that went on in the hall and could look out toward the Gulf. There was a soft effulgence in the east. The moon was coming up, and its mystic shimmer was casting a million lights across the distant, restless water.",193,2,false,"Q2 dominance failure: the passage contains two similes ('swayed like a reed in the wind' and implied imagery in the moon/water closing), but figurative language is subordinate to scene-setting and descriptive narration. The dominant cognitive work is atmospheric scene description and social action, not figurative language detection. The single clear simile is embedded in a clause that occupies approximately one line of a 193-word passage. No metaphor is present. The figurative content does not drive or dominate the passage.",,,,,,v4,rejected_by_filter
figurative_language_failure,160,"The Awakening, and Selected Short Stories","Chopin, Kate","She entered the hall with him during a lull in the dance. She made an awkward, imperious little bow as she went in. She was a homely woman, with a small weazened face and body and eyes that glowed. She had absolutely no taste in dress, and wore a batch of rusty black lace with a bunch of artificial violets pinned to the side of her hair.

“Ask Mrs. Pontellier what she would like to hear me play,” she requested of Robert. She sat perfectly still before the piano, not touching the keys, while Robert carried her message to Edna at the window. A general air of surprise and genuine satisfaction fell upon every one as they saw the pianist enter. There was a settling down, and a prevailing air of expectancy everywhere. Edna was a trifle embarrassed at being thus signaled out for the imperious little woman’s favor. She would not dare to choose, and begged that Mademoiselle Reisz would please herself in her selections.

Edna was what she herself called very fond of music. Musical strains, well rendered, had a way of evoking pictures in her mind. She sometimes liked to sit in the room of mornings when Madame Ratignolle played or practiced. One piece which that lady played Edna had entitled “Solitude.” It was a short, plaintive, minor strain. The name of the piece was something else, but she called it “Solitude.” When she heard it there came before her imagination the figure of a man standing beside a desolate rock on the seashore. He was naked. His attitude was one of hopeless resignation as he looked toward a distant bird winging its flight away from him.",280,3,false,"Q2 dominance fail: The passage does not foreground metaphor or simile as its dominant cognitive signal. The primary work of the passage is character description and the evocation of Edna's subjective, imaginative response to music. The 'Solitude' imagery sequence in paragraph 3 functions more as symbolism and interior characterization than as teachable metaphor/simile. There is no explicit simile construction (like/as comparison) and no clean metaphor that equates two unlike things for a recoverable transferred meaning. The figurative content present is imagistic and symbolic rather than metaphor/simile per ELA.9.R.3.1 targeting.",,,,,,v4,rejected_by_filter
figurative_language_failure,160,"The Awakening, and Selected Short Stories","Chopin, Kate","It sometimes entered Mr. Pontellier’s mind to wonder if his wife were not growing a little unbalanced mentally. He could see plainly that she was not herself. That is, he could not see that she was becoming herself and daily casting aside that fictitious self which we assume like a garment with which to appear before the world.

Her husband let her alone as she requested, and went away to his office. Edna went up to her atelier—a bright room in the top of the house. She was working with great energy and interest, without accomplishing anything, however, which satisfied her even in the smallest degree. For a time she had the whole household enrolled in the service of art. The boys posed for her. They thought it amusing at first, but the occupation soon lost its attractiveness when they discovered that it was not a game arranged especially for their entertainment. The quadroon sat for hours before Edna’s palette, patient as a savage, while the house-maid took charge of the children, and the drawing-room went undusted. But the house-maid, too, served her term as model when Edna perceived that the young woman’s back and shoulders were molded on classic lines, and that her hair, loosened from its confining cap, became an inspiration. While Edna worked she sometimes sang low the little air, “_Ah! si tu savais!_”

It moved her with recollections. She could hear again the ripple of the water, the flapping sail. She could see the glint of the moon upon the bay, and could feel the soft, gusty beating of the hot south wind. A subtle current of desire passed through her body, weakening her hold upon the brushes and making her eyes burn.",287,3,false,"Q2 dominance failure: the figurative language (simile 'like a garment,' sensory imagery in paragraph 3, 'a subtle current of desire') is present but subordinate to the dominant signal of character interiority and psychological awakening. The primary cognitive work the passage demands is tracking Edna's emotional and psychological state — her restlessness, dissatisfaction, and yearning — not identifying or constructing meaning from figurative comparisons. The simile 'like a garment' in paragraph 1 is the strongest metaphor/simile candidate, but it is embedded in a narrator aside and competes with the character-study arc that governs all three paragraphs. No single figurative device is foregrounded enough to be the dominant cognitive task.",,,,,,v4,rejected_by_filter
figurative_language_failure,160,"The Awakening, and Selected Short Stories","Chopin, Kate","When the time came for her to go home, Mr. Highcamp grunted a lame offer to escort her, looking down at his slippered feet with tactless concern. It was Arobin who took her home. The car ride was long, and it was late when they reached Esplanade Street. Arobin asked permission to enter for a second to light his cigarette—his match safe was empty. He filled his match safe, but did not light his cigarette until he left her, after she had expressed her willingness to go to the races with him again.

Edna was neither tired nor sleepy. She was hungry again, for the Highcamp dinner, though of excellent quality, had lacked abundance. She rummaged in the larder and brought forth a slice of Gruyere and some crackers. She opened a bottle of beer which she found in the icebox. Edna felt extremely restless and excited. She vacantly hummed a fantastic tune as she poked at the wood embers on the hearth and munched a cracker.

She wanted something to happen—something, anything; she did not know what. She regretted that she had not made Arobin stay a half hour to talk over the horses with her. She counted the money she had won. But there was nothing else to do, so she went to bed, and tossed there for hours in a sort of monotonous agitation.",227,3,false,"Q1 FAIL: The passage contains no substantive metaphor or simile. The phrase 'a lame offer' functions as a common adjective (weak/halfhearted) rather than a teachable figurative comparison. 'A sort of monotonous agitation' is oxymoronic word pairing but is not a metaphor or simile. There is no comparison using like/as, no vehicle/tenor structure, and no figurative language that requires meaning recovery beyond surface-level reading. The dominant signals are character action, interior emotion/restlessness, and mood — none of which constitute the target skill for ELA.9.R.3.1.",,,,,,v4,rejected_by_filter
figurative_language_failure,160,"The Awakening, and Selected Short Stories","Chopin, Kate","He responded at once by presenting himself at her home with all his disarming naïveté. And then there was scarcely a day which followed that she did not see him or was not reminded of him. He was prolific in pretexts. His attitude became one of good-humored subservience and tacit adoration. He was ready at all times to submit to her moods, which were as often kind as they were cold. She grew accustomed to him. They became intimate and friendly by imperceptible degrees, and then by leaps. He sometimes talked in a way that astonished her at first and brought the crimson into her face; in a way that pleased her at last, appealing to the animalism that stirred impatiently within her.

There was nothing which so quieted the turmoil of Edna’s senses as a visit to Mademoiselle Reisz. It was then, in the presence of that personality which was offensive to her, that the woman, by her divine art, seemed to reach Edna’s spirit and set it free.

It was misty, with heavy, lowering atmosphere, one afternoon, when Edna climbed the stairs to the pianist’s apartments under the roof. Her clothes were dripping with moisture. She felt chilled and pinched as she entered the room. Mademoiselle was poking at a rusty stove that smoked a little and warmed the room indifferently. She was endeavoring to heat a pot of chocolate on the stove. The room looked cheerless and dingy to Edna as she entered. A bust of Beethoven, covered with a hood of dust, scowled at her from the mantelpiece.",262,3,false,"Q2 dominance failure: The passage's primary cognitive work is character description, emotional atmosphere, and narrative action (Edna's relationship with Robert, her visit to Mademoiselle Reisz, the chilly room setting). Figurative language — specifically metaphor/simile — appears only as incidental ornamentation. 'By leaps' is a mild idiomatic metaphor; 'the animalism that stirred impatiently within her' is personification-adjacent metaphor; 'scowled at her from the mantelpiece' is personification. There is no sustained metaphor or simile that carries the dominant cognitive load of the passage. The figurative elements are subordinate to atmospheric/character description. Q5 also fails: fewer than 2 strong, discrete, pointable metaphor/simile elements rise above the descriptive noise; the passage lacks the density needed for any viable item pattern targeting ELA.9.R.3.1 metaphor and simile specifically.",,,,,,v4,rejected_by_filter
figurative_language_failure,160,"The Awakening, and Selected Short Stories","Chopin, Kate","Thirty years later, only the thick walls were standing, with the dull red brick showing here and there through a matted growth of clinging vines. The huge round pillars were intact; so to some extent was the stone flagging of hall and portico. There had been no home so stately along the whole stretch of Côte Joyeuse. Every one knew that, as they knew it had cost Philippe Valmêt sixty thousand dollars to build, away back in 1840. No one was in danger of forgetting that fact, so long as his daughter Pélagie survived. She was a queenly, white-haired woman of fifty. “Ma’ame Pélagie,” they called her, though she was unmarried, as was her sister Pauline, a child in Ma’ame Pélagie’s eyes; a child of thirty-five.

The two lived alone in a three-roomed cabin, almost within the shadow of the ruin. They lived for a dream, for Ma’ame Pélagie’s dream, which was to rebuild the old home.

It would be pitiful to tell how their days were spent to accomplish this end; how the dollars had been saved for thirty years and the picayunes hoarded; and yet, not half enough gathered! But Ma’ame Pélagie felt sure of twenty years of life before her, and counted upon as many more for her sister. And what could not come to pass in twenty—in forty—years?

Often, of pleasant afternoons, the two would drink their black coffee, seated upon the stone-flagged portico whose canopy was the blue sky of Louisiana. They loved to sit there in the silence, with only each other and the sheeny, prying lizards for company, talking of the old times and planning for the new; while light breezes stirred the tattered vines high up among the columns, where owls nested.",290,4,false,"Q2 dominance failure: The passage contains only sparse figurative language elements — 'queenly' as a brief implied metaphor, 'a child in Ma'ame Pélagie's eyes' as a loose figurative characterization, and 'whose canopy was the blue sky of Louisiana' as a single embedded metaphor. The dominant cognitive work is atmospheric/descriptive scene-setting and character exposition, not metaphor/simile construction. The figurative signals are incidental rather than the primary signal the passage is asking the reader to process. No sustained metaphor or simile pattern drives meaning throughout the passage.",,,,,,v4,rejected_by_filter
figurative_language_failure,160,"The Awakening, and Selected Short Stories","Chopin, Kate","Many of the children had been permitted to sit up beyond their usual bedtime. A small band of them were lying on their stomachs on the floor looking at the colored sheets of the comic papers which Mr. Pontellier had brought down. The little Pontellier boys were permitting them to do so, and making their authority felt.

Music, dancing, and a recitation or two were the entertainments furnished, or rather, offered. But there was nothing systematic about the programme, no appearance of prearrangement nor even premeditation.

At an early hour in the evening the Farival twins were prevailed upon to play the piano. They were girls of fourteen, always clad in the Virgin’s colors, blue and white, having been dedicated to the Blessed Virgin at their baptism. They played a duet from “Zampa,” and at the earnest solicitation of every one present followed it with the overture to “The Poet and the Peasant.”

“_Allez vous-en! Sapristi!_” shrieked the parrot outside the door. He was the only being present who possessed sufficient candor to admit that he was not listening to these gracious performances for the first time that summer. Old Monsieur Farival, grandfather of the twins, grew indignant over the interruption, and insisted upon having the bird removed and consigned to regions of darkness. Victor Lebrun objected; and his decrees were as immutable as those of Fate. The parrot fortunately offered no further interruption to the entertainment, the whole venom of his nature apparently having been cherished up and hurled against the twins in that one impetuous outburst.

Later a young brother and sister gave recitations, which every one present had heard many times at winter evening entertainments in the city.",281,5,false,"Q2 dominance failure: The passage contains one notable simile ('his decrees were as immutable as those of Fate') and one metaphorical phrase ('venom of his nature... hurled'), but these are embedded within a scene-setting, socially ironic narrative. The dominant cognitive work the passage demands is tracking social tone/irony (the parrot as comic foil, the twins' repetitive performances, the polite endurance of guests) — not metaphor/simile recognition and meaning construction. The figurative language appears incidentally rather than as the primary signal the reader must process.",,,,,,v4,rejected_by_filter
figurative_language_failure,160,"The Awakening, and Selected Short Stories","Chopin, Kate","She had not thought of coffee nor of anything. He told her he had often noticed that she lacked forethought.

“Wasn’t it enough to think of going to the _Chênière_ and waking you up?” she laughed. “Do I have to think of everything?—as Léonce says when he’s in a bad humor. I don’t blame him; he’d never be in a bad humor if it weren’t for me.”

They took a short cut across the sands. At a distance they could see the curious procession moving toward the wharf—the lovers, shoulder to shoulder, creeping; the lady in black, gaining steadily upon them; old Monsieur Farival, losing ground inch by inch, and a young barefooted Spanish girl, with a red kerchief on her head and a basket on her arm, bringing up the rear.

Robert knew the girl, and he talked to her a little in the boat. No one present understood what they said. Her name was Mariequita. She had a round, sly, piquant face and pretty black eyes. Her hands were small, and she kept them folded over the handle of her basket. Her feet were broad and coarse. She did not strive to hide them. Edna looked at her feet, and noticed the sand and slime between her brown toes.

Beaudelet grumbled because Mariequita was there, taking up so much room. In reality he was annoyed at having old Monsieur Farival, who considered himself the better sailor of the two. But he would not quarrel with so old a man as Monsieur Farival, so he quarreled with Mariequita. The girl was deprecatory at one moment, appealing to Robert. She was saucy the next, moving her head up and down, making “eyes” at Robert and making “mouths” at Beaudelet.",289,5,false,"Q1 FAIL: The passage lacks substantive metaphor or simile. The quoted phrases 'making eyes' and 'making mouths' are idiomatic, not metaphorical or simile-based comparisons. The procession description ('creeping,' 'losing ground inch by inch') contains mild figurative coloring but no true metaphor or simile that requires meaning construction beyond the literal. The harvest target for this run is ELA.9.R.3.1 metaphor and simile, and no pointable examples of either device appear in the passage.",,,,,,v4,rejected_by_filter
figurative_language_failure,160,"The Awakening, and Selected Short Stories","Chopin, Kate","The letter was on the bookshelf. It possessed the greatest interest and attraction for Edna; the envelope, its size and shape, the post-mark, the handwriting. She examined every detail of the outside before opening it. There were only a few lines, setting forth that he would leave the city that afternoon, that he had packed his trunk in good shape, that he was well, and sent her his love and begged to be affectionately remembered to all. There was no special message to Edna except a postscript saying that if Mrs. Pontellier desired to finish the book which he had been reading to her, his mother would find it in his room, among other books there on the table. Edna experienced a pang of jealousy because he had written to his mother rather than to her.

Every one seemed to take for granted that she missed him. Even her husband, when he came down the Saturday following Robert’s departure, expressed regret that he had gone.

“How do you get on without him, Edna?” he asked.

“It’s very dull without him,” she admitted. Mr. Pontellier had seen Robert in the city, and Edna asked him a dozen questions or more. Where had they met? On Carondelet Street, in the morning. They had gone “in” and had a drink and a cigar together. What had they talked about? Chiefly about his prospects in Mexico, which Mr. Pontellier thought were promising. How did he look? How did he seem—grave, or gay, or how? Quite cheerful, and wholly taken up with the idea of his trip, which Mr. Pontellier found altogether natural in a young fellow about to seek fortune and adventure in a strange, queer country.

Edna tapped her foot impatiently, and wondered why the children persisted in playing in the sun when they might be under the trees. She went down and led them out of the sun, scolding the quadroon for not being more attentive.",324,5,false,"Q1 FAIL: The passage contains no meaningful metaphor or simile signal. Language throughout is literal and narrative — 'a pang of jealousy,' 'tapped her foot impatiently,' and 'seek fortune and adventure' are mild idiomatic or conventional phrases but none rise to teachable metaphor or simile for ELA.9.R.3.1. There is no comparison using like/as, no sustained metaphor, no figurative construction that requires the student to recover non-literal meaning. The passage is character-focused psychological realism with no dominant figurative language signal.",,,,,,v4,rejected_by_filter
figurative_language_failure,160,"The Awakening, and Selected Short Stories","Chopin, Kate","There were one or two men whom she observed at the _soirée musicale;_ but she would never have felt moved to any kittenish display to attract their notice—to any feline or feminine wiles to express herself toward them. Their personality attracted her in an agreeable way. Her fancy selected them, and she was glad when a lull in the music gave them an opportunity to meet her and talk with her. Often on the street the glance of strange eyes had lingered in her memory, and sometimes had disturbed her.

Mr. Pontellier did not attend these _soirées musicales_. He considered them _bourgeois_, and found more diversion at the club. To Madame Ratignolle he said the music dispensed at her _soirées_ was too “heavy,” too far beyond his untrained comprehension. His excuse flattered her. But she disapproved of Mr. Pontellier’s club, and she was frank enough to tell Edna so.

“It’s a pity Mr. Pontellier doesn’t stay home more in the evenings. I think you would be more—well, if you don’t mind my saying it—more united, if he did.”

“Oh! dear no!” said Edna, with a blank look in her eyes. “What should I do if he stayed home? We wouldn’t have anything to say to each other.”

She had not much of anything to say to her father, for that matter; but he did not antagonize her. She discovered that he interested her, though she realized that he might not interest her long; and for the first time in her life she felt as if she were thoroughly acquainted with him. He kept her busy serving him and ministering to his wants. It amused her to do so. She would not permit a servant or one of the children to do anything for him which she might do herself. Her husband noticed, and thought it was the expression of a deep filial attachment which he had never suspected.",318,5,false,"Q1/Q2: The passage lacks dominant metaphor or simile signals. The only figurative adjacency is 'kittenish display' and 'feline... wiles,' which are brief comparative descriptors embedded in a passage whose primary cognitive work is characterization, irony of marriage/emotional distance, and social observation. There are no extended comparisons, no similes using 'like' or 'as' that carry meaning-making weight, and no metaphors that require the student to recover a non-literal meaning. The figurative language present is incidental rather than the dominant signal.",,,,,,v4,rejected_by_filter
figurative_language_failure,160,"The Awakening, and Selected Short Stories","Chopin, Kate","Outside, away from the glow of the fire and the soft lamplight, the night was chill and murky. The Doctor doubled his old-fashioned cloak across his breast as he strode home through the darkness. He knew his fellow-creatures better than most men; knew that inner life which so seldom unfolds itself to unanointed eyes. He was sorry he had accepted Pontellier’s invitation. He was growing old, and beginning to need rest and an imperturbed spirit. He did not want the secrets of other lives thrust upon him.

“I hope it isn’t Arobin,” he muttered to himself as he walked. “I hope to heaven it isn’t Alcée Arobin.”

Edna and her father had a warm, and almost violent dispute upon the subject of her refusal to attend her sister’s wedding. Mr. Pontellier declined to interfere, to interpose either his influence or his authority. He was following Doctor Mandelet’s advice, and letting her do as she liked. The Colonel reproached his daughter for her lack of filial kindness and respect, her want of sisterly affection and womanly consideration. His arguments were labored and unconvincing. He doubted if Janet would accept any excuse—forgetting that Edna had offered none. He doubted if Janet would ever speak to her again, and he was sure Margaret would not.

Edna was glad to be rid of her father when he finally took himself off with his wedding garments and his bridal gifts, with his padded shoulders, his Bible reading, his “toddies” and ponderous oaths.

Mr. Pontellier followed him closely. He meant to stop at the wedding on his way to New York and endeavor by every means which money and love could devise to atone somewhat for Edna’s incomprehensible action.",283,5,false,"Q1 fail: The passage does not contain teachable metaphor or simile signals. The language is predominantly literal and narrative — the Doctor walks home, Edna disputes with her father, Mr. Pontellier plans to attend the wedding. There is mild descriptive language ('night was chill and murky,' 'warm, and almost violent dispute,' 'labored and unconvincing arguments') but none of these constitute metaphor or simile as defined by ELA.9.R.3.1. No comparison using 'like' or 'as,' no metaphoric transfer, no figurative substitution of one thing for another is present. The passage operates through character action, reported speech, and realistic description — the dominant cognitive work is narrative comprehension, not figurative language detection.",,,,,,v4,rejected_by_filter
figurative_language_failure,160,"The Awakening, and Selected Short Stories","Chopin, Kate","Even the kitchen assumed a sudden interesting character which she had never before perceived. She went in to give directions to the cook, to say that the butcher would have to bring much less meat, that they would require only half their usual quantity of bread, of milk and groceries. She told the cook that she herself would be greatly occupied during Mr. Pontellier’s absence, and she begged her to take all thought and responsibility of the larder upon her own shoulders.

That night Edna dined alone. The candelabra, with a few candles in the center of the table, gave all the light she needed. Outside the circle of light in which she sat, the large dining-room looked solemn and shadowy. The cook, placed upon her mettle, served a delicious repast—a luscious tenderloin broiled _à point_. The wine tasted good; the _marron glacé_ seemed to be just what she wanted. It was so pleasant, too, to dine in a comfortable _peignoir_.

She thought a little sentimentally about Léonce and the children, and wondered what they were doing. As she gave a dainty scrap or two to the doggie, she talked intimately to him about Etienne and Raoul. He was beside himself with astonishment and delight over these companionable advances, and showed his appreciation by his little quick, snappy barks and a lively agitation.

Then Edna sat in the library after dinner and read Emerson until she grew sleepy. She realized that she had neglected her reading, and determined to start anew upon a course of improving studies, now that her time was completely her own to do with as she liked.

After a refreshing bath, Edna went to bed. And as she snuggled comfortably beneath the eiderdown a sense of restfulness invaded her, such as she had not known before.",300,5,false,"Q1 fail: The passage contains minimal figurative language and no meaningful metaphor or simile signal. The one mild figurative phrase — 'a sense of restfulness invaded her' — is a near-dead personification and is not a metaphor or simile. The passage is primarily realistic, sensory narrative prose describing Edna's domestic actions and mood. No comparison using 'like' or 'as,' no sustained metaphor, no simile is present. The standard-first harvest target (ELA.9.R.3.1 / metaphor and simile) cannot be taught from this passage.",,,,,,v4,rejected_by_filter
figurative_language_failure,160,"The Awakening, and Selected Short Stories","Chopin, Kate","It was with a wrench and a pang that Edna left her children. She carried away with her the sound of their voices and the touch of their cheeks. All along the journey homeward their presence lingered with her like the memory of a delicious song. But by the time she had regained the city the song no longer echoed in her soul. She was again alone.

It happened sometimes when Edna went to see Mademoiselle Reisz that the little musician was absent, giving a lesson or making some small necessary household purchase. The key was always left in a secret hiding-place in the entry, which Edna knew. If Mademoiselle happened to be away, Edna would usually enter and wait for her return.

When she knocked at Mademoiselle Reisz’s door one afternoon there was no response; so unlocking the door, as usual, she entered and found the apartment deserted, as she had expected. Her day had been quite filled up, and it was for a rest, for a refuge, and to talk about Robert, that she sought out her friend.

She had worked at her canvas—a young Italian character study—all the morning, completing the work without the model; but there had been many interruptions, some incident to her modest housekeeping, and others of a social nature.

Madame Ratignolle had dragged herself over, avoiding the too public thoroughfares, she said. She complained that Edna had neglected her much of late. Besides, she was consumed with curiosity to see the little house and the manner in which it was conducted. She wanted to hear all about the dinner party; Monsieur Ratignolle had left _so_ early. What had happened after he left? The champagne and grapes which Edna sent over were _too_ delicious. She had so little appetite; they had refreshed and toned her stomach. Where on earth was she going to put Mr. Pontellier in that little house, and the boys? And then she made Edna promise to go to her when her hour of trial overtook her.",336,5,false,"Q2_DOMINANCE: The figurative language (simile 'like the memory of a delicious song'; metaphor 'the song no longer echoed in her soul'; 'refuge') is present but subordinate to narrative action and social description. Paragraphs 2–5 are dominated by plot-level scene-setting (visiting Mademoiselle Reisz, housekeeping interruptions, Madame Ratignolle's visit) that carries no figurative signal. The metaphor/simile work is concentrated in a single paragraph and does not dominate the passage as a whole.",,,,,,v4,rejected_by_filter
figurative_language_failure,160,"The Awakening, and Selected Short Stories","Chopin, Kate","He was glad to see Edna, and wanted her to go with him into the salon and entertain him. But Madame Ratignolle would not consent that Edna should leave her for an instant. Between agonizing moments, she chatted a little, and said it took her mind off her sufferings.

Edna began to feel uneasy. She was seized with a vague dread. Her own like experiences seemed far away, unreal, and only half remembered. She recalled faintly an ecstasy of pain, the heavy odor of chloroform, a stupor which had deadened sensation, and an awakening to find a little new life to which she had given being, added to the great unnumbered multitude of souls that come and go.

She began to wish she had not come; her presence was not necessary. She might have invented a pretext for staying away; she might even invent a pretext now for going. But Edna did not go. With an inward agony, with a flaming, outspoken revolt against the ways of Nature, she witnessed the scene of torture.

She was still stunned and speechless with emotion when later she leaned over her friend to kiss her and softly say good-by. Adèle, pressing her cheek, whispered in an exhausted voice: “Think of the children, Edna. Oh think of the children! Remember them!”

Edna still felt dazed when she got outside in the open air. The Doctor’s coupé had returned for him and stood before the _porte cochère_. She did not wish to enter the coupé, and told Doctor Mandelet she would walk; she was not afraid, and would go alone. He directed his carriage to meet him at Mrs. Pontellier’s, and he started to walk home with her.",283,5,false,"Q1 FAIL: The passage contains no meaningful metaphor or simile signal. The language is predominantly literal and psychological/emotional narration. The one borderline figurative element — 'a flaming, outspoken revolt' — is mild intensifying diction rather than a developed metaphor or simile, and it does not constitute a teachable figurative_language signal under ELA.9.R.3.1. There is no comparison using 'like' or 'as,' no extended metaphor, and no simile structure present. The passage fails the presence threshold for this classification run.",,,,,,v4,rejected_by_filter
figurative_language_failure,160,"The Awakening, and Selected Short Stories","Chopin, Kate","She looked into the distance, and the old terror flamed up for an instant, then sank again. Edna heard her father’s voice and her sister Margaret’s. She heard the barking of an old dog that was chained to the sycamore tree. The spurs of the cavalry officer clanged as he walked across the porch. There was the hum of bees, and the musky odor of pinks filled the air.

The bayou curved like a crescent around the point of land on which La Folle’s cabin stood. Between the stream and the hut lay a big abandoned field, where cattle were pastured when the bayou supplied them with water enough. Through the woods that spread back into unknown regions the woman had drawn an imaginary line, and past this circle she never stepped. This was the form of her only mania.

She was now a large, gaunt black woman, past thirty-five. Her real name was Jacqueline, but every one on the plantation called her La Folle, because in childhood she had been frightened literally “out of her senses,” and had never wholly regained them.

It was when there had been skirmishing and sharpshooting all day in the woods. Evening was near when P’tit Maître, black with powder and crimson with blood, had staggered into the cabin of Jacqueline’s mother, his pursuers close at his heels. The sight had stunned her childish reason.

She dwelt alone in her solitary cabin, for the rest of the quarters had long since been removed beyond her sight and knowledge. She had more physical strength than most men, and made her patch of cotton and corn and tobacco like the best of them. But of the world beyond the bayou she had long known nothing, save what her morbid fancy conceived.",295,5,false,"Q2 dominance failure: The passage contains only one clear simile ('The bayou curved like a crescent around the point of land') and one borderline figurative phrase ('made her patch of cotton and corn and tobacco like the best of them' — comparative but not metaphorical). The dominant cognitive work in this passage is character description, setting establishment, and backstory exposition about La Folle's psychological condition. Figurative language (metaphor/simile) is a minor, incidental feature, not the primary signal. Q5 also fails: with only one cleanly pointable simile and no metaphors, there is insufficient evidence density for any item pattern — cannot build 5a discrimination, too sparse for 5b multi-select, no dominant nameable figurative concept for 5c, and no identifiable craft pivot for 5d.",,,,,,v4,rejected_by_filter
figurative_language_failure,160,"The Awakening, and Selected Short Stories","Chopin, Kate","P’tit Maître was now the owner of Bellissime. He was a middle-aged man, with a family of beautiful daughters about him, and a little son whom La Folle loved as if he had been her own. She called him Chéri, and so did every one else because she did.

None of the girls had ever been to her what Chéri was. They had each and all loved to be with her, and to listen to her wondrous stories of things that always happened “yonda, beyon’ de bayou.”

But none of them had stroked her black hand quite as Chéri did, nor rested their heads against her knee so confidingly, nor fallen asleep in her arms as he used to do. For Chéri hardly did such things now, since he had become the proud possessor of a gun, and had had his black curls cut off.

That summer—the summer Chéri gave La Folle two black curls tied with a knot of red ribbon—the water ran so low in the bayou that even the little children at Bellissime were able to cross it on foot, and the cattle were sent to pasture down by the river. La Folle was sorry when they were gone, for she loved these dumb companions well, and liked to feel that they were there, and to hear them browsing by night up to her own enclosure.

It was Saturday afternoon, when the fields were deserted. The men had flocked to a neighboring village to do their week’s trading, and the women were occupied with household affairs,—La Folle as well as the others. It was then she mended and washed her handful of clothes, scoured her house, and did her baking.",283,5,false,"Q1 fail: The passage contains no meaningful metaphor or simile signal. Language is predominantly literal and narrative — describing characters, relationships, and domestic routines in direct prose. The phrase 'loved these dumb companions well' is mild personification-adjacent but not a metaphor or simile. 'Wondrous stories' is a light modifier, not a comparison. No figurative comparison using 'like,' 'as,' or an implicit substitution of one thing for another is present. The passage fails the harvest criterion for ELA.9.R.3.1 (metaphor and simile).",,,,,,v4,rejected_by_filter
figurative_language_failure,160,"The Awakening, and Selected Short Stories","Chopin, Kate","He talked freely and intimately in a low, hesitating drawl that was not unpleasant to hear. He talked of the old college days when he and Gaston had been a good deal to each other; of the days of keen and blind ambitions and large intentions. Now there was left with him, at least, a philosophic acquiescence to the existing order—only a desire to be permitted to exist, with now and then a little whiff of genuine life, such as he was breathing now.

Her mind only vaguely grasped what he was saying. Her physical being was for the moment predominant. She was not thinking of his words, only drinking in the tones of his voice. She wanted to reach out her hand in the darkness and touch him with the sensitive tips of her fingers upon the face or the lips. She wanted to draw close to him and whisper against his cheek—she did not care what—as she might have done if she had not been a respectable woman.

The stronger the impulse grew to bring herself near him, the further, in fact, did she draw away from him. As soon as she could do so without an appearance of too great rudeness, she rose and left him there alone.

Before she reached the house, Gouvernail had lighted a fresh cigar and ended his apostrophe to the night.

Mrs. Baroda was greatly tempted that night to tell her husband—who was also her friend—of this folly that had seized her. But she did not yield to the temptation. Beside being a respectable woman she was a very sensible one; and she knew there are some battles in life which a human being must fight alone.",285,5,false,"Q2 dominance failure: figurative language (metaphor/simile) is present but subordinate to character interiority and emotional conflict. The dominant cognitive work is tracking a character's suppressed desire and internal battle, not detecting or constructing meaning from figurative comparisons. The few figurative moments ('drinking in the tones of his voice,' 'a little whiff of genuine life,' 'some battles in life which a human being must fight alone') are embedded service-level figures within a larger psychological portrait rather than the primary signal the passage is organized around.",,,,,,v4,rejected_by_filter
figurative_language_failure,160,"The Awakening, and Selected Short Stories","Chopin, Kate","At that next reception which she and Brantain had been talking about she approached the young man with a delicious frankness of manner when she saw him there.

“Will you let me speak to you a moment or two, Mr. Brantain?” she asked with an engaging but perturbed smile. He seemed extremely unhappy; but when she took his arm and walked away with him, seeking a retired corner, a ray of hope mingled with the almost comical misery of his expression. She was apparently very outspoken.

“Perhaps I should not have sought this interview, Mr. Brantain; but—but, oh, I have been very uncomfortable, almost miserable since that little encounter the other afternoon. When I thought how you might have misinterpreted it, and believed things”—hope was plainly gaining the ascendancy over misery in Brantain’s round, guileless face—“Of course, I know it is nothing to you, but for my own sake I do want you to understand that Mr. Harvy is an intimate friend of long standing. Why, we have always been like cousins—like brother and sister, I may say. He is my brother’s most intimate associate and often fancies that he is entitled to the same privileges as the family. Oh, I know it is absurd, uncalled for, to tell you this; undignified even,” she was almost weeping, “but it makes so much difference to me what you think of—of me.” Her voice had grown very low and agitated. The misery had all disappeared from Brantain’s face.

“Then you do really care what I think, Miss Nathalie? May I call you Miss Nathalie?” They turned into a long, dim corridor that was lined on either side with tall, graceful plants. They walked slowly to the very end of it. When they turned to retrace their steps Brantain’s face was radiant and hers was triumphant.

Harvy was among the guests at the wedding; and he sought her out in a rare moment when she stood alone.",324,5,false,"Q1/Q2 — The passage contains minimal metaphor or simile content. The only comparisons present are literal social comparisons ('like cousins — like brother and sister') used as direct speech by a character performing social manipulation, not as figurative language conveying meaning beyond the literal. The dominant cognitive signal is dramatic irony and character deception, not figurative language. There is no teachable metaphor or simile strand here for ELA.9.R.3.1.",,,,,,v4,rejected_by_filter
figurative_language_failure,160,"The Awakening, and Selected Short Stories","Chopin, Kate","Octavie had experienced many such moments of despair, but a blessed resignation had never failed to follow, and it fell then upon her like a mantle and enveloped her.

“I shall grow old and quiet and sad like poor Aunt Tavie,” she murmured to herself as she folded the letter and replaced it in the secretary. Already she gave herself a little demure air like her Aunt Tavie. She walked with a slow glide in unconscious imitation of Mademoiselle Tavie whom some youthful affliction had robbed of earthly compensation while leaving her in possession of youth’s illusions.

As she sat in the old cabriolet beside the father of her dead lover, again there came to Octavie the terrible sense of loss which had assailed her so often before. The soul of her youth clamored for its rights; for a share in the world’s glory and exultation. She leaned back and drew her veil a little closer about her face. It was an old black veil of her Aunt Tavie’s. A whiff of dust from the road had blown in and she wiped her cheeks and her eyes with her soft, white handkerchief, a homemade handkerchief, fabricated from one of her old fine muslin petticoats.

“Will you do me the favor, Octavie,” requested the judge in the courteous tone which he never abandoned, “to remove that veil which you wear. It seems out of harmony, someway, with the beauty and promise of the day.”

The young girl obediently yielded to her old companion’s wish and unpinning the cumbersome, sombre drapery from her bonnet, folded it neatly and laid it upon the seat in front of her.",275,5,false,"Q2_DOMINANCE: The passage contains figurative language elements (simile 'like a mantle,' simile 'like poor Aunt Tavie,' metaphor 'The soul of her youth clamored for its rights'), but the dominant cognitive work the passage demands is character/emotional tracking — following Octavie's grief, her imitation of Aunt Tavie, and the symbolic removal of the veil. The figurative devices are embedded in and subordinate to character psychology and narrative action. A student reading this passage is primarily doing character inference work, not metaphor/simile detection and meaning construction. The figurative language is present but not dominant.",,,,,,v4,rejected_by_filter
figurative_language_failure,160,"The Awakening, and Selected Short Stories","Chopin, Kate","There were possibly a few track men out there who knew the race horse as well as Edna, but there was certainly none who knew it better. She sat between her two companions as one having authority to speak. She laughed at Arobin’s pretensions, and deplored Mrs. Highcamp’s ignorance. The race horse was a friend and intimate associate of her childhood. The atmosphere of the stables and the breath of the blue grass paddock revived in her memory and lingered in her nostrils. She did not perceive that she was talking like her father as the sleek geldings ambled in review before them. She played for very high stakes, and fortune favored her. The fever of the game flamed in her cheeks and eyes, and it got into her blood and into her brain like an intoxicant. People turned their heads to look at her, and more than one lent an attentive ear to her utterances, hoping thereby to secure the elusive but ever-desired “tip.” Arobin caught the contagion of excitement which drew him to Edna like a magnet. Mrs. Highcamp remained, as usual, unmoved, with her indifferent stare and uplifted eyebrows.",192,1,true,"Q1: Multiple clear metaphor and simile instances are present and pointable. 'Fever...flamed in her cheeks...like an intoxicant' is a simile building on an embedded metaphor (excitement as fever/flame); 'drew him to Edna like a magnet' is a clean simile; 'The race horse was a friend and intimate associate' is a metaphorical personification of familiarity. Q2: Figurative language — specifically metaphor and simile — is the dominant cognitive signal; plot action and character description are present but subordinate to the figurative constructions that define Edna's emotional state. Q3: All figurative devices are fully self-contained. 'Like an intoxicant' and 'like a magnet' are universally accessible comparisons requiring no period or cultural schema. 'Fever...flamed' uses universal illness and fire imagery. No allusions, institutions, or period-specific knowledge required. Q4: Passage is single-paragraph, moderate length, and while it contains multiple figurative instances they are complementary rather than overloading; vocabulary is largely accessible with context clues present. No competing heavy primitives. Q5: 5a supported — at least 3 target-supporting pointable elements vs. 4 non-supporting neutral/descriptive elements, enabling strong evidence discrimination item. 5c supported — dominant concept is clear (figurative comparison via simile/metaphor to convey intensity of excitement) with plausible distractors available (literal description, imagery, personification). 5d supported — identifiable craft pivot from literal scene-setting sentences to the cluster of figurative intensifiers beginning with 'The fever of the game flamed,' with a second figurative beat in 'like a magnet' closing the paragraph's emotional arc.",,,,,2,v4,error
figurative_language_failure,160,"The Awakening, and Selected Short Stories","Chopin, Kate","She sat herself upon a revolving stool before a counter that was comparatively deserted, trying to gather strength and courage to charge through an eager multitude that was besieging breastworks of shirting and figured lawn. An all-gone limp feeling had come over her and she rested her hand aimlessly upon the counter. She wore no gloves. By degrees she grew aware that her hand had encountered something very soothing, very pleasant to touch. She looked down to see that her hand lay upon a pile of silk stockings. A placard near by announced that they had been reduced in price from two dollars and fifty cents to one dollar and ninety-eight cents; and a young girl who stood behind the counter asked her if she wished to examine their line of silk hosiery. She smiled, just as if she had been asked to inspect a tiara of diamonds with the ultimate view of purchasing it. But she went on feeling the soft, sheeny luxurious things—with both hands now, holding them up to see them glisten, and to feel them glide serpent-like through her fingers.",184,1,true,"Three metaphors/similes are present and accessible from the page alone. (1) The simile 'just as if she had been asked to inspect a tiara of diamonds' — a student can read this as a direct comparison: the affordable stockings are treated like something extravagantly precious, conveying the character's wonder and longing without naming those emotions literally. (2) The simile 'serpent-like through her fingers' — the stockings move like a snake, conveying something sensuous, slippery, and faintly dangerous, recoverable entirely from the word on the page plus universal animal knowledge. (3) The extended military metaphor 'charge through an eager multitude that was besieging breastworks' applies battle language to department-store shopping, recoverable through context (she is surrounded by shoppers pressing toward merchandise). No external schema is required: the store setting, the price placard, and the clerk's question all anchor the literal situation clearly on the page. Non-supporting foils are abundant (literal price, literal setting details, literal store clerk action). Supports 5a (evidence discrimination between simile lines and literal lines), 5c (dominant nameable concept: simile conveying meaning through comparison), and 5d (craft analysis: the serpent-like simile at the close is a discrete identifiable pivot that shifts tone from fatigue to sensory indulgence).",,,,,2,v4,error
figurative_language_failure,160,"The Awakening, and Selected Short Stories","Chopin, Kate","At all events Robert proposed it, and there was not a dissenting voice. There was not one but was ready to follow when he led the way. He did not lead the way, however, he directed the way; and he himself loitered behind with the lovers, who had betrayed a disposition to linger and hold themselves apart. He walked between them, whether with malicious or mischievous intent was not wholly clear, even to himself.

The Pontelliers and Ratignolles walked ahead; the women leaning upon the arms of their husbands. Edna could hear Robert’s voice behind them, and could sometimes hear what he said. She wondered why he did not join them. It was unlike him not to. Of late he had sometimes held away from her for an entire day, redoubling his devotion upon the next and the next, as though to make up for hours that had been lost. She missed him the days when some pretext served to take him away from her, just as one misses the sun on a cloudy day without having thought much about the sun when it was shining.",186,2,true,"The passage contains a clean, self-contained simile at its close: 'just as one misses the sun on a cloudy day without having thought much about the sun when it was shining.' This simile is fully accessible without outside schema — it compares missing Robert to missing sunlight, and the meaning is recoverable entirely from universal human experience (taking warmth/light for granted until it disappears). The comparison is not merely decorative; it constructs the meaning that Edna's attachment to Robert is instinctive rather than conscious, felt most acutely in absence. The simile is the dominant signal in the second paragraph and the passage's emotional payoff. Q2 is met because the figurative comparison is the primary cognitive work the reader is invited to do — the surrounding plot action (walking arrangement, Robert lingering) is subordinate scaffolding that frames the simile. Q3 is clean: no historical, institutional, or allusive schema required. The sun/cloud comparison is universally accessible. Q4 is clean: the passage is syntactically moderate, vocabulary is accessible, no competing dense figurative language obscures the target simile. Q5 supports 5a (sun simile as target-supporting, surrounding literal action sentences as non-supporting), 5c (student names what the simile conveys about Edna's feeling), and 5d (identifiable craft pivot — the simile arrives as the structural close of the passage after literal narration, a clear move from literal to figurative at a named location). 5e flagged because the sun simile is a strong candidate for cross-text pairing with other passages using light/warmth as a comparison vehicle for longing or dependency.",,,,,2,v4,error
figurative_language_failure,160,"The Awakening, and Selected Short Stories","Chopin, Kate","Mr. Pontellier had prepared for bed, but he slipped on an extra garment. He opened a bottle of wine, of which he kept a small and select supply in a buffet of his own. He drank a glass of the wine and went out on the gallery and offered a glass to his wife. She did not wish any. He drew up the rocker, hoisted his slippered feet on the rail, and proceeded to smoke a cigar. He smoked two cigars; then he went inside and drank another glass of wine. Mrs. Pontellier again declined to accept a glass when it was offered to her. Mr. Pontellier once more seated himself with elevated feet, and after a reasonable interval of time smoked some more cigars.

Edna began to feel like one who awakens gradually out of a dream, a delicious, grotesque, impossible dream, to feel again the realities pressing into her soul. The physical need for sleep began to overtake her; the exuberance which had sustained and exalted her spirit left her helpless and yielding to the conditions which crowded her in.",182,2,true,"Q1/Q2: The second paragraph contains a clear, dominant simile — 'feel like one who awakens gradually out of a dream' — plus metaphorical extensions ('realities pressing into her soul,' 'conditions which crowded her in'). The figurative language is the primary cognitive work of paragraph 2, not subordinate to plot or character action. Q3: The simile is self-contained and universally accessible — any 9th grader understands the experience of waking from a vivid dream and re-entering reality; no schema, allusion, or period knowledge required. The contrast between the literal, repetitive domestic actions of paragraph 1 and the figurative language of paragraph 2 is readable from the page alone. Q4: Clean isolation — paragraph 1 is deliberately flat and literal (providing a non-supporting foil), and paragraph 2 delivers the figurative payload without vocabulary overload or competing primitives. Q5: Supports 5a (1–2 target-supporting quotable elements vs. 3–4 literal/non-supporting elements from paragraph 1 create workable discrimination) and 5c (the dominant concept — simile conveying emotional deflation and return to constrained reality — is nameable with three plausible distractors: imagery, symbolism, or personification). The contrast structure also supports 5d as a craft note but is not the primary pass pathway.",,,,,2,v4,error
figurative_language_failure,160,"The Awakening, and Selected Short Stories","Chopin, Kate","The people walked in little groups toward the beach. They talked and laughed; some of them sang. There was a band playing down at Klein’s hotel, and the strains reached them faintly, tempered by the distance. There were strange, rare odors abroad—a tangle of the sea smell and of weeds and damp, new-plowed earth, mingled with the heavy perfume of a field of white blossoms somewhere near. But the night sat lightly upon the sea and the land. There was no weight of darkness; there were no shadows. The white light of the moon had fallen upon the world like the mystery and the softness of sleep.

Most of them walked into the water as though into a native element. The sea was quiet now, and swelled lazily in broad billows that melted into one another and did not break except upon the beach in little foamy crests that coiled back like slow, white serpents.

Edna had attempted all summer to learn to swim. She had received instructions from both the men and women; in some instances from the children. Robert had pursued a system of lessons almost daily; and he was nearly at the point of discouragement in realizing the futility of his efforts. A certain ungovernable dread hung about her when in the water, unless there was a hand near by that might reach out and reassure her.",230,3,true,"Strong metaphor/simile passage with two cleanly pointable similes ('like the mystery and the softness of sleep'; 'like slow, white serpents') and one simile-adjacent comparison ('as though into a native element'). Both primary similes are fully self-contained and require zero schema: moonlight compared to sleep is universally accessible; wave crests compared to white serpents is visually trackable from the sentence context. Dominance is clear — figurative comparison is the primary craft signal in paragraphs 1-2, with a natural tonal shift to literal narrative in paragraph 3 (Edna's failed swimming lessons), creating a clean foil for 5a discrimination and 5c concept identification. The structural pivot between lyrical figurative paragraphs and plain expository paragraph 3 also supports 5d craft analysis. The two similes are distinct enough in vehicle (sleep vs. serpents) to support a multi-distractor 5c item. 5e flag warranted because the moonlight-as-sleep and serpent imagery are thematically rich and would pair productively with other nature/freedom imagery passages for cross-text comparison. No schema dependencies; no harmful language; no play/verse format violations.",,,,,2,v4,error
figurative_language_failure,160,"The Awakening, and Selected Short Stories","Chopin, Kate","Without even waiting for an answer from her husband regarding his opinion or wishes in the matter, Edna hastened her preparations for quitting her home on Esplanade Street and moving into the little house around the block. A feverish anxiety attended her every action in that direction. There was no moment of deliberation, no interval of repose between the thought and its fulfillment. Early upon the morning following those hours passed in Arobin’s society, Edna set about securing her new abode and hurrying her arrangements for occupying it. Within the precincts of her home she felt like one who has entered and lingered within the portals of some forbidden temple in which a thousand muffled voices bade her begone.

Whatever was her own in the house, everything which she had acquired aside from her husband’s bounty, she caused to be transported to the other house, supplying simple and meager deficiencies from her own resources.

Arobin found her with rolled sleeves, working in company with the house-maid when he looked in during the afternoon. She was splendid and robust, and had never appeared handsomer than in the old blue gown, with a red silk handkerchief knotted at random around her head to protect her hair from the dust. She was mounted upon a high stepladder, unhooking a picture from the wall when he entered. He had found the front door open, and had followed his ring by walking in unceremoniously.",239,3,true,"Q1: Clear simile present — 'she felt like one who has entered and lingered within the portals of some forbidden temple in which a thousand muffled voices bade her begone.' This is a direct, extended simile using 'like,' constructing meaning about Edna's guilt, alienation, and urgency in leaving her marital home. The figurative language is the dominant signal. Q2: The simile in paragraph 1 is the primary cognitive signal; paragraphs 2-3 provide concrete action detail that serves as clean non-supporting foil. Dominance is clear. Q3: Fully self-contained. 'Forbidden temple' and 'muffled voices bade her begone' carry the emotional meaning (guilt, being driven out, transgression) through the words themselves. No schema dependency — the comparison between her home and a forbidden sacred space is universally interpretable. No named institutions, allusions, or historical knowledge required. Q4: Vocabulary is accessible ('portals,' 'precincts,' 'unceremoniously' are manageable in context); the simile is isolated in one sentence; paragraphs 2-3 are concrete and low-figurative, providing clean contrast without overload. Q5: Passes 5a — the simile sentence is distinctly pointable as target-supporting; action details in paragraphs 2-3 are clearly non-supporting. Passes 5c — 'simile' or 'comparison' is the dominant nameable concept with plausible distractors (personification for 'voices bade her,' imagery for the visual details in paragraph 3, hyperbole for 'thousand muffled voices').",,,,,2,v4,error
